/*
Navicat MySQL Data Transfer

Source Server         : mysql#safecloud-test
Source Server Version : 50633
Source Host           : 115.29.212.28:30601
Source Database       : devops

Target Server Type    : MYSQL
Target Server Version : 50633
File Encoding         : 65001

Date: 2019-07-05 12:50:49
*/

SET FOREIGN_KEY_CHECKS=0;

-- ----------------------------
-- Table structure for cf_app_environment
-- ----------------------------
DROP TABLE IF EXISTS `cf_app_environment`;
CREATE TABLE `cf_app_environment` (
  `id` int(11) NOT NULL AUTO_INCREMENT,
  `group_id` int(11) NOT NULL COMMENT '所属应用分组ID',
  `name` varchar(32) COLLATE utf8_bin NOT NULL COMMENT '环境名称（dev/test/pre/prod）',
  `remark` varchar(255) COLLATE utf8_bin DEFAULT NULL COMMENT '备注',
  `create_by` int(11) NOT NULL,
  `create_date` datetime NOT NULL,
  `update_by` int(11) NOT NULL,
  `update_date` datetime NOT NULL,
  `del_flag` int(1) NOT NULL DEFAULT '0',
  PRIMARY KEY (`id`),
  KEY `group_id` (`group_id`),
  KEY `create_by` (`create_by`),
  KEY `update_by` (`update_by`),
  CONSTRAINT `cf_app_environment_ibfk_1` FOREIGN KEY (`group_id`) REFERENCES `cf_app_group` (`id`) ON DELETE CASCADE,
  CONSTRAINT `cf_app_environment_ibfk_2` FOREIGN KEY (`create_by`) REFERENCES `sys_user` (`id`),
  CONSTRAINT `cf_app_environment_ibfk_3` FOREIGN KEY (`update_by`) REFERENCES `sys_user` (`id`)
) ENGINE=InnoDB AUTO_INCREMENT=40 DEFAULT CHARSET=utf8 COLLATE=utf8_bin COMMENT='APP配置命名空间（eg: dev/test/pre/prod）';

-- ----------------------------
-- Records of cf_app_environment
-- ----------------------------
INSERT INTO `cf_app_environment` VALUES ('1', '1', 'dev', 'sso服务开发调试环境', '1', '2018-09-20 11:18:49', '1', '2018-11-05 11:42:48', '0');
INSERT INTO `cf_app_environment` VALUES ('2', '1', 'test', 'sso服务特性验证环境', '1', '2018-09-20 11:18:49', '1', '2018-09-19 09:08:24', '0');
INSERT INTO `cf_app_environment` VALUES ('3', '1', 'pre', 'sso服务灰度验证环境', '1', '2018-09-20 11:18:49', '1', '2018-09-19 09:08:31', '0');
INSERT INTO `cf_app_environment` VALUES ('4', '1', 'prod', 'sso服务生产正式环境', '1', '2018-09-20 11:18:49', '1', '2018-09-19 09:10:47', '0');
INSERT INTO `cf_app_environment` VALUES ('5', '6', 'dev', 'dataopen开发调试环境', '1', '2018-09-20 11:18:49', '1', '2018-09-19 09:10:47', '0');
INSERT INTO `cf_app_environment` VALUES ('6', '6', 'test', 'dataopen特性验证环境', '1', '2018-09-20 11:18:49', '1', '2018-09-19 09:10:47', '0');
INSERT INTO `cf_app_environment` VALUES ('7', '6', 'prod', 'dataopen生产正式环境', '1', '2018-09-20 11:18:49', '1', '2018-09-19 09:10:47', '0');
INSERT INTO `cf_app_environment` VALUES ('15', '2', 'dev', 'portal开发调试环境', '1', '2018-09-20 11:18:49', '1', '2018-09-19 09:10:47', '0');
INSERT INTO `cf_app_environment` VALUES ('16', '2', 'test', 'portal特性验证环境', '1', '2018-09-20 11:18:49', '1', '2018-09-19 09:10:47', '0');
INSERT INTO `cf_app_environment` VALUES ('17', '2', 'prod', 'portal生产正式环境', '1', '2018-09-20 11:18:49', '1', '2018-09-19 09:10:47', '0');
INSERT INTO `cf_app_environment` VALUES ('18', '3', 'dev', 'mp开发调试环境', '1', '2018-09-20 11:18:49', '1', '2018-09-19 09:10:47', '0');
INSERT INTO `cf_app_environment` VALUES ('19', '3', 'test', 'mp特性验证环境', '1', '2018-09-20 11:18:49', '1', '2018-09-19 09:10:47', '0');
INSERT INTO `cf_app_environment` VALUES ('20', '3', 'prod', 'mp生产正式环境', '1', '2018-09-20 11:18:49', '1', '2018-09-19 09:10:47', '0');
INSERT INTO `cf_app_environment` VALUES ('21', '4', 'dev', 'ems开发调试环境', '1', '2018-09-20 11:18:49', '1', '2018-09-19 09:10:47', '0');
INSERT INTO `cf_app_environment` VALUES ('22', '4', 'test', 'ems特性验证环境', '1', '2018-09-20 11:18:49', '1', '2018-09-19 09:10:47', '0');
INSERT INTO `cf_app_environment` VALUES ('23', '4', 'prod', 'ems生产正式环境', '1', '2018-09-20 11:18:49', '1', '2018-09-19 09:10:47', '0');
INSERT INTO `cf_app_environment` VALUES ('24', '5', 'dev', 'sink开发调试环境', '1', '2018-09-20 11:18:49', '1', '2018-09-19 09:10:47', '0');
INSERT INTO `cf_app_environment` VALUES ('25', '5', 'test', 'sink特性验证环境', '1', '2018-09-20 11:18:49', '1', '2018-09-19 09:10:47', '0');
INSERT INTO `cf_app_environment` VALUES ('26', '5', 'prod', 'sink生产正式环境', '1', '2018-09-20 11:18:49', '1', '2018-09-19 09:10:47', '0');
INSERT INTO `cf_app_environment` VALUES ('27', '7', 'dev', 'mqttCollect开发调试环境', '1', '2018-09-20 11:18:49', '1', '2018-09-19 09:10:47', '0');
INSERT INTO `cf_app_environment` VALUES ('28', '7', 'test', 'mqttCollect特性验证环境', '1', '2018-09-20 11:18:49', '1', '2018-09-19 09:10:47', '0');
INSERT INTO `cf_app_environment` VALUES ('29', '7', 'prod', 'mqttCollect生产正式环境', '1', '2018-09-20 11:18:49', '1', '2018-09-19 09:10:47', '0');
INSERT INTO `cf_app_environment` VALUES ('30', '8', 'dev', 'rpcCollect开发调试环境', '1', '2018-09-20 11:18:49', '1', '2018-09-19 09:10:47', '0');
INSERT INTO `cf_app_environment` VALUES ('31', '8', 'test', 'rpcCollect特性验证环境', '1', '2018-09-20 11:18:49', '1', '2018-09-19 09:10:47', '0');
INSERT INTO `cf_app_environment` VALUES ('32', '8', 'prod', 'rpcCollect生产正式环境', '1', '2018-09-20 11:18:49', '1', '2018-09-19 09:10:47', '0');
INSERT INTO `cf_app_environment` VALUES ('33', '9', 'dev', 'base开发调试环境', '1', '2018-09-20 11:18:49', '1', '2018-09-19 09:10:47', '0');
INSERT INTO `cf_app_environment` VALUES ('34', '9', 'test', 'base特性验证环境', '1', '2018-09-20 11:18:49', '1', '2018-09-19 09:10:47', '0');
INSERT INTO `cf_app_environment` VALUES ('35', '9', 'prod', 'base生产正式环境', '1', '2018-09-20 11:18:49', '1', '2018-09-19 09:10:47', '0');
INSERT INTO `cf_app_environment` VALUES ('36', '43', 'dev', 'scm-example开发调试环境', '1', '2018-11-06 13:57:37', '1', '2018-11-06 13:57:37', '0');
INSERT INTO `cf_app_environment` VALUES ('38', '43', 'test', 'scm-example测试调试环境', '1', '2018-11-16 15:56:58', '1', '2018-11-16 15:56:58', '0');
INSERT INTO `cf_app_environment` VALUES ('39', '63', 'test', 'datachecker测试调试环境', '1', '2019-05-21 16:31:20', '1', '2019-05-21 16:31:20', '0');

-- ----------------------------
-- Table structure for cf_app_group
-- ----------------------------
DROP TABLE IF EXISTS `cf_app_group`;
CREATE TABLE `cf_app_group` (
  `id` int(11) NOT NULL AUTO_INCREMENT,
  `dept_id` int(11) NOT NULL COMMENT '应用所属部门ID',
  `name` varchar(32) COLLATE utf8_bin NOT NULL COMMENT '应用名称',
  `enable` int(1) NOT NULL DEFAULT '1' COMMENT '启用状态（0:禁止/1:启用）',
  `remark` varchar(255) COLLATE utf8_bin DEFAULT NULL COMMENT '备注',
  `create_by` int(11) NOT NULL,
  `create_date` datetime NOT NULL,
  `update_by` int(11) NOT NULL,
  `update_date` datetime NOT NULL,
  `del_flag` int(1) NOT NULL DEFAULT '0',
  PRIMARY KEY (`id`),
  KEY `dept_id` (`dept_id`),
  KEY `update_by` (`update_by`),
  KEY `create_by` (`create_by`),
  CONSTRAINT `cf_app_group_ibfk_1` FOREIGN KEY (`dept_id`) REFERENCES `sys_department` (`id`),
  CONSTRAINT `cf_app_group_ibfk_2` FOREIGN KEY (`update_by`) REFERENCES `sys_user` (`id`),
  CONSTRAINT `cf_app_group_ibfk_3` FOREIGN KEY (`create_by`) REFERENCES `sys_user` (`id`)
) ENGINE=InnoDB AUTO_INCREMENT=65 DEFAULT CHARSET=utf8 COLLATE=utf8_bin COMMENT='APP分组表';

-- ----------------------------
-- Records of cf_app_group
-- ----------------------------
INSERT INTO `cf_app_group` VALUES ('1', '1', 'sso', '1', '统一认证中心接口服务', '1', '2018-09-20 11:20:25', '1', '2018-11-09 14:23:03', '1');
INSERT INTO `cf_app_group` VALUES ('2', '1', 'portal', '1', '门户系统接口服务', '1', '2018-09-20 11:20:25', '1', '2018-11-09 14:24:37', '1');
INSERT INTO `cf_app_group` VALUES ('3', '1', 'mp', '1', '管理平台接口服务', '1', '2018-09-20 11:20:25', '1', '2018-11-09 15:43:41', '1');
INSERT INTO `cf_app_group` VALUES ('4', '1', 'ems', '1', '能耗分析平台接口服务', '1', '2018-09-20 11:20:25', '1', '2018-11-15 17:07:18', '1');
INSERT INTO `cf_app_group` VALUES ('5', '1', 'sink', '1', '实时告警服务', '1', '2018-09-20 11:20:25', '1', '2018-09-19 09:10:49', '0');
INSERT INTO `cf_app_group` VALUES ('6', '1', 'dataopen', '1', '大数据RESTful接口服务', '1', '2018-09-20 11:20:25', '1', '2018-09-19 09:11:27', '0');
INSERT INTO `cf_app_group` VALUES ('7', '1', 'mqttCollect', '1', '设备连接平台服务(MQTT)', '1', '2018-09-20 11:20:25', '1', '2018-09-19 09:12:14', '0');
INSERT INTO `cf_app_group` VALUES ('8', '1', 'rpcCollect', '1', '设备连接平台服务(TCP)', '1', '2018-09-20 11:20:25', '1', '2018-09-19 09:12:31', '0');
INSERT INTO `cf_app_group` VALUES ('9', '1', 'base', '1', '基础数据平台接口服务', '1', '2018-09-20 11:20:25', '1', '2018-09-19 09:19:12', '0');
INSERT INTO `cf_app_group` VALUES ('43', '1', 'scm-example', '1', 'scm-example服务', '1', '2018-11-16 15:56:58', '1', '2018-11-16 15:56:58', '0');
INSERT INTO `cf_app_group` VALUES ('63', '1', 'datachecker', '1', 'datachecker服务', '1', '2019-05-22 09:29:08', '1', '2019-05-22 09:29:08', '0');
INSERT INTO `cf_app_group` VALUES ('64', '1', 'trafficmonitor', '1', 'trafficmonitor服务', '1', '2019-05-22 09:29:08', '1', '2019-05-22 09:29:08', '0');

-- ----------------------------
-- Table structure for cf_app_instance
-- ----------------------------
DROP TABLE IF EXISTS `cf_app_instance`;
CREATE TABLE `cf_app_instance` (
  `id` int(64) NOT NULL AUTO_INCREMENT,
  `group_id` int(64) NOT NULL COMMENT '应用分组ID',
  `version_id` int(64) DEFAULT NULL COMMENT '当前应用版本ID',
  `env_id` int(64) NOT NULL COMMENT '所属环境ID',
  `enable` int(1) NOT NULL DEFAULT '1' COMMENT '启用状态（0:禁止/1:启用）',
  `host` varchar(32) COLLATE utf8_bin NOT NULL COMMENT '实例节点Host（如：web-node1）',
  `ip` varchar(15) COLLATE utf8_bin NOT NULL COMMENT '主机IP地址',
  `port` int(5) NOT NULL COMMENT '服务监听端口',
  `ops_ids` varchar(255) COLLATE utf8_bin NOT NULL COMMENT '运维者userIds（逗号分隔）',
  `remark` varchar(255) COLLATE utf8_bin DEFAULT NULL COMMENT '备注',
  `server_account` varchar(32) COLLATE utf8_bin DEFAULT NULL COMMENT '部署主机SSH账号(CI)',
  `ssh_rsa` text COLLATE utf8_bin COMMENT '部署主机SSH私钥(CI)',
  `ssh_rsa_pub` text COLLATE utf8_bin COMMENT '部署主机SSH公钥(CI)',
  `create_by` int(11) NOT NULL,
  `create_date` datetime NOT NULL,
  `update_by` int(11) NOT NULL,
  `update_date` datetime NOT NULL,
  `del_flag` int(1) NOT NULL DEFAULT '0',
  PRIMARY KEY (`id`),
  KEY `group_id` (`group_id`),
  KEY `version_id` (`version_id`),
  KEY `env_id` (`env_id`),
  KEY `update_by` (`update_by`),
  KEY `create_by` (`create_by`),
  CONSTRAINT `cf_app_instance_ibfk_1` FOREIGN KEY (`group_id`) REFERENCES `cf_app_group` (`id`),
  CONSTRAINT `cf_app_instance_ibfk_2` FOREIGN KEY (`version_id`) REFERENCES `cf_version` (`id`),
  CONSTRAINT `cf_app_instance_ibfk_3` FOREIGN KEY (`env_id`) REFERENCES `cf_app_environment` (`id`),
  CONSTRAINT `cf_app_instance_ibfk_4` FOREIGN KEY (`update_by`) REFERENCES `sys_user` (`id`),
  CONSTRAINT `cf_app_instance_ibfk_5` FOREIGN KEY (`create_by`) REFERENCES `sys_user` (`id`)
) ENGINE=InnoDB AUTO_INCREMENT=66 DEFAULT CHARSET=utf8 COLLATE=utf8_bin COMMENT='应用分组实例表';

-- ----------------------------
-- Records of cf_app_instance
-- ----------------------------
INSERT INTO `cf_app_instance` VALUES ('1', '63', '184', '39', '1', 'owner-node1', '10.0.0.160', '8080', '1', '办公室服务器1', 'root', null, null, '1', '2019-05-20 17:45:23', '1', '2019-05-20 17:45:23', '0');
INSERT INTO `cf_app_instance` VALUES ('2', '63', '175', '39', '1', 'owner-node2', '10.0.0.161', '8080', '1', '办公室服务器2', 'datachecker', 0x363044463939363532324531434334444639353145343943303935433535454330363738383132443832323141354136464242303534323037414131424134443439443545343241433736364437333932393637453737384542434635423641323232453530464545334246333339314435323246313442453032343437413830313635433633303745393245363341373335413838304537433345414430343236323238433139383330433132344236364131364435393444443732454239343841333533324139463139334631424443443035324538424532453944414136363337334631463530383031304434304338363738373544323243454638353033323544443439313230433038424441393032363341394346423233344246333631354333324643433645394638353136393643384235433143363632313330443546333642363537424133444638443035423030363542303038373546313230353342434132454442414230413138414237314339383232303534393333393346394644393845373236454430363533343242464334353534463537443837333134413643423941374636423333413842324437303041384246443233384639364336444646313033323437364346313943303239384530314138463536363439344131433146373536343630334644344532444439454236304544444632344632384637373144413034344342313542383645443432383731344243333830464441333735463445324544344534323336463332373932444530324537343646333141433436343043353044313937364138324530343639463530344342464534444232353743353043303138463138354436333437444537304338353431303042373238383744423541383243424131363134304637383432413236314246363830413746414241384243363530353033323934374138354339384146463741383442444530353638324543393833464430303838303339324638433835454432433638344131303844463446333132383132464638414235434131463437423945314638453146363837414239443730424133373930353741353735413545383531424536453832453433323135333246334244384241424331454237464238364643443442423437333045463032303732383938323146304331303346424534323944334142373530353944384342313131393838374333363335384643393143354534434630333742333933363042384239363438324534384643414630454636344145384138353134334141363337454133344445303245424444334334383333313842413146454644443632464639423641393931343731364141434539343130374631374545463839343331354331413345344437303341333044393645373336393941374133423633394435344243344637413343344131374432454538393543343231324546363844354431424138393436453836443532344635303136333338333639413844453732444545373646453630453130384143343142334446453039323138434243354536363236354142304232423434443332424436353330454543333335413633364146343533423038453734373830464234353338323341303833344637384542344431334536424642433842363830443331423739303330323745454631314131433138354632314634373045464532384146413039433038353342424443413444453431443742354238333346373946303035334330444132333943333137393636373343333946394437363044373346363235323043354636353836443538443135373131393442364341303546413530443637353046413645413336354430364142424345344644323037303341463131343335374138423346463934333144374335363135443332413141374541334430324133414432444237334339413141453544304139443134384645463344343835344238433245373335324535303445463236344541373845443346373036353232333444334545333535434638393130303338444532423532434130384542364133374632353631464437383941304643413738333737443043384543443638354541423034364135423036454442464431423936323232453834314137344242323134444233363136424242444546313932423731303037313135323044353341464230374143453836303938393944304238373541323646454237463635363436434344373738423544314632463243384539343837443841353644463030304143333735313030324644333832373344453835383533383737443139464533413839463546323144383042334232433445314645444242343836443539344234373843424543323543304138423032394338464130313844354234303030303232344545383630424334423246334236453330413234344446433539303437454343443841393041303838384330444646323746413730374538324437343938354145353238413846314342424438384537384133374631343542433942314242464532333935373639334444344632373643303641434137363032333037313930343234303138374133333346373730393735424331393941313943353935363835444337373236444444394233414637313934333930383544464138414536423235304232333431334533343942373434464143334331433831343246373632353634353734333946413839334145413330464537384242393946333533353246373139384236363830313346343031423443354342333145424131393930383533333442313745443643303235333444393743373037434345433631333033443345303241433043444438454341394630363139303939344635364636384244424236344632384630333339314634344442303442434334423846344344324441323539393336343041354638413441373237453731343036313633363833454438353843323534424641313045324236303938354144413935393530373137314244383744363134393534433733303342433743313133413631373941394439464344443331323534374530463144303132353235313942313732334244343236314339353535394244423845363136303846454233323739423931303239423439424535414246334445443334323141344138444233304631303832374133323844323237383641394538303136334244323843323230463537463137343445443630444433424537363031393537454531414546344543393341383332423343453641413346343933333842444132354638384236374530374432323232373738354445453245433335463433413333334342424133423230443435393042303735443541343345433542353139314136323546444542413630443833364234453335313030303346313541303644344346443831463245433937334433323342433137463432413145363346364336303946454433304434413942383643343938443643314131443444464343313641303945303942433133353439413445354330443831423744433734433941353430344346434638363645424131423133413538414546323837393841464234334434443233333632383939464434303232463142413734364445434533384142344234384334433836313945383733324236323832433044393644383132383641414433323739333745363444433632383235343630313133444536453138313538453430423937424539414132333336393633324530453236303133463643454230423943393546423130453341363045333945424342333542423134393834454534453346454139383841434333333442304438373934324544413539363541393332453141454534353638394135433533323232313845303333463738344531393741423635454138343545313241374141364339394444313739343436364330363233463445344431383539314441324431453832343241453737364141424641393637363835433330454643383634424439324145463743414243423845443736384139423234343446364542463636383733373230414631344233324546394131463830373346373436433041443038384330423535423445444244393539423545364443353945413241354534344544433845454341423036323035413938353135343541323339383832333545313735393436313936383645393639303032414334314338384544333631323830344137383033443244413038304342333644383031383741434342393833324445423234354636313738453743343941333345333443313431364645443142414639454442373035373942394332363741363134423437413939313937323344333736423145424637433738344138343333434630303130373646413144354439313730363439413138433036353544333046394643414337374639383546313632333845384642383239383236334536463938413944393045424231394634364239303739394230313835334130394333363235454537463838384146394338464532, null, '1', '2019-05-22 17:19:23', '1', '2019-05-22 17:19:23', '0');
INSERT INTO `cf_app_instance` VALUES ('3', '43', '183', '24', '1', 'hwjie1', '10.0.0.10', '8080', '1', '本地虚拟机', 'root', null, null, '1', '2019-05-17 17:14:19', '1', '2019-05-17 17:14:19', '0');
INSERT INTO `cf_app_instance` VALUES ('54', '43', '372', '36', '1', 'localhost', '127.0.0.1', '14044', '1', '本地虚拟机2', null, null, null, '1', '2018-11-08 21:32:51', '1', '2019-06-24 10:58:45', '0');
INSERT INTO `cf_app_instance` VALUES ('55', '43', '175', '38', '1', 'wangsir', '127.0.0.1', '14044', '1', '本地虚拟机2', null, null, null, '1', '2018-11-08 21:32:51', '1', '2018-11-16 13:47:11', '0');
INSERT INTO `cf_app_instance` VALUES ('56', '43', '387', '38', '1', 'heweijiedeMacBook-Pro.local', '127.0.0.1', '14044', '1', '本地虚拟机2', null, null, null, '1', '2018-11-08 21:32:51', '1', '2019-06-25 12:59:45', '0');

-- ----------------------------
-- Table structure for cf_release_detail
-- ----------------------------
DROP TABLE IF EXISTS `cf_release_detail`;
CREATE TABLE `cf_release_detail` (
  `id` int(64) NOT NULL AUTO_INCREMENT,
  `release_id` int(11) NOT NULL COMMENT '发布ID',
  `instance_id` int(11) NOT NULL COMMENT '应用实例ID',
  `status` int(1) DEFAULT NULL COMMENT '发布结果状态（1:成功/0:未更改/-1:更新失败）',
  `description` text COLLATE utf8_bin COMMENT '发布结果说明',
  `result` text COLLATE utf8_bin COMMENT '配置发布结果内容，JSON格式',
  PRIMARY KEY (`id`),
  KEY `of_id` (`instance_id`),
  KEY `release_id` (`release_id`),
  CONSTRAINT `cf_release_detail_ibfk_3` FOREIGN KEY (`instance_id`) REFERENCES `cf_app_instance` (`id`),
  CONSTRAINT `cf_release_detail_ibfk_4` FOREIGN KEY (`release_id`) REFERENCES `cf_release_history` (`id`)
) ENGINE=InnoDB AUTO_INCREMENT=354 DEFAULT CHARSET=utf8 COLLATE=utf8_bin COMMENT='ACM配置发布历史明细表';

-- ----------------------------
-- Records of cf_release_detail
-- ----------------------------
INSERT INTO `cf_release_detail` VALUES ('1', '1', '54', '1', null, null);
INSERT INTO `cf_release_detail` VALUES ('341', '343', '54', null, null, 0xE69A82E697A0E7BB93E69E9C);
INSERT INTO `cf_release_detail` VALUES ('342', '344', '56', null, null, 0xE69A82E697A0E7BB93E69E9C);
INSERT INTO `cf_release_detail` VALUES ('343', '345', '56', null, null, 0xE69A82E697A0E7BB93E69E9C);
INSERT INTO `cf_release_detail` VALUES ('344', '346', '56', null, null, 0xE69A82E697A0E7BB93E69E9C);
INSERT INTO `cf_release_detail` VALUES ('345', '347', '56', null, null, 0xE69A82E697A0E7BB93E69E9C);
INSERT INTO `cf_release_detail` VALUES ('346', '348', '56', null, null, 0xE69A82E697A0E7BB93E69E9C);
INSERT INTO `cf_release_detail` VALUES ('347', '349', '56', null, null, 0xE69A82E697A0E7BB93E69E9C);
INSERT INTO `cf_release_detail` VALUES ('348', '350', '56', null, null, 0xE69A82E697A0E7BB93E69E9C);
INSERT INTO `cf_release_detail` VALUES ('349', '351', '56', null, null, 0xE69A82E697A0E7BB93E69E9C);
INSERT INTO `cf_release_detail` VALUES ('350', '352', '56', null, null, 0xE69A82E697A0E7BB93E69E9C);
INSERT INTO `cf_release_detail` VALUES ('351', '353', '56', null, null, 0xE69A82E697A0E7BB93E69E9C);
INSERT INTO `cf_release_detail` VALUES ('352', '354', '56', null, null, 0xE69A82E697A0E7BB93E69E9C);
INSERT INTO `cf_release_detail` VALUES ('353', '355', '56', null, null, 0xE69A82E697A0E7BB93E69E9C);

-- ----------------------------
-- Table structure for cf_release_history
-- ----------------------------
DROP TABLE IF EXISTS `cf_release_history`;
CREATE TABLE `cf_release_history` (
  `id` int(64) NOT NULL AUTO_INCREMENT,
  `version_id` int(64) NOT NULL COMMENT '版本号ID',
  `status` int(1) DEFAULT NULL COMMENT '发布状态（1:成功/2:失败）',
  `type` int(1) NOT NULL DEFAULT '1' COMMENT '配置类型（1：新发布/2：重回滚）',
  `remark` varchar(255) COLLATE utf8_bin DEFAULT NULL COMMENT '备注',
  `create_by` int(11) NOT NULL COMMENT '发布用户ID',
  `create_date` datetime NOT NULL COMMENT '发布时间',
  `del_flag` int(1) NOT NULL DEFAULT '0' COMMENT '删除状态',
  PRIMARY KEY (`id`),
  KEY `version_id` (`version_id`),
  KEY `create_by` (`create_by`),
  CONSTRAINT `cf_release_history_ibfk_1` FOREIGN KEY (`version_id`) REFERENCES `cf_version` (`id`),
  CONSTRAINT `cf_release_history_ibfk_2` FOREIGN KEY (`create_by`) REFERENCES `sys_user` (`id`)
) ENGINE=InnoDB AUTO_INCREMENT=356 DEFAULT CHARSET=utf8 COLLATE=utf8_bin COMMENT='ACM配置发布历史记录表';

-- ----------------------------
-- Records of cf_release_history
-- ----------------------------
INSERT INTO `cf_release_history` VALUES ('1', '175', '1', '1', null, '1', '2019-06-13 12:00:43', '0');
INSERT INTO `cf_release_history` VALUES ('343', '372', null, '1', 'tests', '1', '2019-06-24 10:58:45', '0');
INSERT INTO `cf_release_history` VALUES ('344', '376', null, '1', 'test', '1', '2019-06-24 18:01:41', '0');
INSERT INTO `cf_release_history` VALUES ('345', '377', null, '1', 'test', '1', '2019-06-24 18:21:25', '0');
INSERT INTO `cf_release_history` VALUES ('346', '378', null, '1', 'test', '1', '2019-06-24 18:33:43', '0');
INSERT INTO `cf_release_history` VALUES ('347', '379', null, '1', 'test', '1', '2019-06-24 18:34:29', '0');
INSERT INTO `cf_release_history` VALUES ('348', '380', null, '1', 'test2', '1', '2019-06-24 18:36:32', '0');
INSERT INTO `cf_release_history` VALUES ('349', '381', null, '1', 'test2', '1', '2019-06-24 18:36:54', '0');
INSERT INTO `cf_release_history` VALUES ('350', '382', null, '1', 'test2', '1', '2019-06-24 18:39:48', '0');
INSERT INTO `cf_release_history` VALUES ('351', '383', null, '1', 'test2', '1', '2019-06-24 18:45:09', '0');
INSERT INTO `cf_release_history` VALUES ('352', '384', null, '1', 'test2', '1', '2019-06-24 18:46:47', '0');
INSERT INTO `cf_release_history` VALUES ('353', '385', null, '1', 'test2', '1', '2019-06-24 18:58:39', '0');
INSERT INTO `cf_release_history` VALUES ('354', '386', null, '1', 'test2', '1', '2019-06-25 09:13:50', '0');
INSERT INTO `cf_release_history` VALUES ('355', '387', null, '1', 'test2', '1', '2019-06-25 12:59:45', '0');

-- ----------------------------
-- Table structure for cf_version
-- ----------------------------
DROP TABLE IF EXISTS `cf_version`;
CREATE TABLE `cf_version` (
  `id` int(64) NOT NULL AUTO_INCREMENT,
  `sign` varchar(128) COLLATE utf8_bin NOT NULL COMMENT '摘要签名',
  `sign_type` varchar(8) COLLATE utf8_bin NOT NULL COMMENT '摘要算法(MD5/SHA-1/SHA-512...)',
  `tag` int(1) DEFAULT NULL COMMENT '版本标记（1:健康/2:缺陷）',
  `remark` varchar(255) COLLATE utf8_bin DEFAULT NULL COMMENT '备注',
  `create_by` int(11) NOT NULL COMMENT '创建用户ID',
  `create_date` datetime NOT NULL COMMENT '创建时间',
  `del_flag` int(1) NOT NULL DEFAULT '0',
  PRIMARY KEY (`id`),
  KEY `create_by` (`create_by`),
  CONSTRAINT `cf_version_ibfk_1` FOREIGN KEY (`create_by`) REFERENCES `sys_user` (`id`)
) ENGINE=InnoDB AUTO_INCREMENT=388 DEFAULT CHARSET=utf8 COLLATE=utf8_bin COMMENT='ACM配置历史版本表';

-- ----------------------------
-- Records of cf_version
-- ----------------------------
INSERT INTO `cf_version` VALUES ('175', '4f7e07693227b5115f657bac78baf2af', 'MD5', '1', 'tests', '1', '2018-11-08 21:56:04', '0');
INSERT INTO `cf_version` VALUES ('176', '4f7e07693227b5115f657bac78baf2af', 'MD5', '1', 'tests', '1', '2018-11-08 21:57:51', '0');
INSERT INTO `cf_version` VALUES ('177', '4f7e07693227b5115f657bac78baf2af', 'MD5', '1', 'tests', '1', '2018-11-08 22:02:58', '0');
INSERT INTO `cf_version` VALUES ('178', '4ad7e6c2c7d4242e1ee7ba7a5a0fd3e4', 'MD5', '1', 'tests', '1', '2018-11-08 22:21:02', '0');
INSERT INTO `cf_version` VALUES ('179', 'd69b8eac0f672301b37522110ccd1341', 'MD5', '1', 'tests', '1', '2018-11-08 22:25:38', '0');
INSERT INTO `cf_version` VALUES ('180', 'd69b8eac0f672301b37522110ccd1341', 'MD5', '1', 'tests', '1', '2018-11-08 22:26:50', '0');
INSERT INTO `cf_version` VALUES ('181', 'd69b8eac0f672301b37522110ccd1341', 'MD5', '1', 'tests', '1', '2018-11-08 22:29:05', '0');
INSERT INTO `cf_version` VALUES ('182', 'd69b8eac0f672301b37522110ccd1341', 'MD5', '1', 'tests', '1', '2018-11-08 22:29:34', '0');
INSERT INTO `cf_version` VALUES ('183', 'd69b8eac0f672301b37522110ccd1341', 'MD5', '1', 'tests', '1', '2018-11-08 22:30:02', '0');
INSERT INTO `cf_version` VALUES ('184', 'd69b8eac0f672301b37522110ccd1341', 'MD5', '1', 'tests', '1', '2018-11-08 22:30:48', '0');
INSERT INTO `cf_version` VALUES ('372', '978075c38c91d8f0adf61d48461ae80f', 'MD5', null, 'tests', '1', '2019-06-24 10:58:45', '0');
INSERT INTO `cf_version` VALUES ('376', '35dfcfd789f2f7756f3fb3c53e372ad5', 'MD5', null, 'test', '1', '2019-06-24 18:01:41', '0');
INSERT INTO `cf_version` VALUES ('377', '471aea3e0416b40879c4c863918134a0', 'MD5', null, 'test', '1', '2019-06-24 18:21:25', '0');
INSERT INTO `cf_version` VALUES ('378', 'e1566b04e61e2b7545b1087b20e24bc1', 'MD5', null, 'test', '1', '2019-06-24 18:33:43', '0');
INSERT INTO `cf_version` VALUES ('379', 'df4b2c0fc683429bc954849d55c89e88', 'MD5', null, 'test', '1', '2019-06-24 18:34:29', '0');
INSERT INTO `cf_version` VALUES ('380', 'e1566b04e61e2b7545b1087b20e24bc1', 'MD5', null, 'test2', '1', '2019-06-24 18:36:32', '0');
INSERT INTO `cf_version` VALUES ('381', 'ac1e922fa7edaf39c4f401db90b3b649', 'MD5', null, 'test2', '1', '2019-06-24 18:36:54', '0');
INSERT INTO `cf_version` VALUES ('382', '24fe1756b71a197b39f0d8bbf2cd8b41', 'MD5', null, 'test2', '1', '2019-06-24 18:39:48', '0');
INSERT INTO `cf_version` VALUES ('383', '3c88ba3e448cd0417eb7e42b3f23fccc', 'MD5', null, 'test2', '1', '2019-06-24 18:45:09', '0');
INSERT INTO `cf_version` VALUES ('384', 'd2036ad34d724e41832e76afb857249b', 'MD5', null, 'test2', '1', '2019-06-24 18:46:47', '0');
INSERT INTO `cf_version` VALUES ('385', 'a341e3879064a460dc239e18b97e7a42', 'MD5', null, 'test2', '1', '2019-06-24 18:58:39', '0');
INSERT INTO `cf_version` VALUES ('386', '404976a4ef2445d7a0f785d34a52f021', 'MD5', null, 'test2', '1', '2019-06-25 09:13:50', '0');
INSERT INTO `cf_version` VALUES ('387', 'c6e4774b0ed7944e9ff0889975743aa1', 'MD5', null, 'test2', '1', '2019-06-25 12:59:45', '0');

-- ----------------------------
-- Table structure for cf_version_detail
-- ----------------------------
DROP TABLE IF EXISTS `cf_version_detail`;
CREATE TABLE `cf_version_detail` (
  `id` int(11) NOT NULL AUTO_INCREMENT,
  `version_id` int(11) NOT NULL COMMENT '版本号ID',
  `namespace_id` int(11) NOT NULL COMMENT '命名空间ID(sys_dict)',
  `type` int(1) NOT NULL DEFAULT '1' COMMENT '内容文件类型（1：yml/2：preperties）',
  `content` text COLLATE utf8_bin NOT NULL COMMENT '配置内容',
  `remark` varchar(255) COLLATE utf8_bin DEFAULT NULL COMMENT '备注',
  PRIMARY KEY (`id`),
  KEY `version_id` (`version_id`),
  KEY `namespace_id` (`namespace_id`),
  CONSTRAINT `cf_version_detail_ibfk_1` FOREIGN KEY (`version_id`) REFERENCES `cf_version` (`id`),
  CONSTRAINT `cf_version_detail_ibfk_2` FOREIGN KEY (`namespace_id`) REFERENCES `sys_dict` (`id`)
) ENGINE=InnoDB AUTO_INCREMENT=365 DEFAULT CHARSET=utf8 COLLATE=utf8_bin COMMENT='ACM配置明细表';

-- ----------------------------
-- Records of cf_version_detail
-- ----------------------------
INSERT INTO `cf_version_detail` VALUES ('1', '175', '2', '1', 0x2320436F70797269676874202863292032303137207E20323032352C20746865206F726967696E616C20617574686F722077616E676C2E73697220696E646976696475616C20496E632C0D0A2320416C6C207269676874732072657365727665642E20436F6E74616374207573203938333730383430384071712E636F6D0D0A230D0A2320556E6C657373207265717569726564206279206170706C696361626C65206C6177206F722061677265656420746F20696E2077726974696E672C20736F6674776172650D0A2320646973747269627574656420756E64657220746865204C6963656E7365206973206469737472696275746564206F6E20616E20224153204953222042415349532C0D0A2320574954484F55542057415252414E54494553204F5220434F4E444954494F4E53204F4620414E59204B494E442C206569746865722065787072657373206F7220696D706C6965642E0D0A232053656520746865204C6963656E736520666F7220746865207370656369666963206C616E677561676520676F7665726E696E67207065726D697373696F6E7320616E640D0A23206C696D69746174696F6E7320756E64657220746865204C6963656E73652E0D0A230D0A0D0A23202323232320456E7669726F6E6D656E7428546573742920636F6E66696775726174696F6E2E20232323230D0A230D0A0D0A23204578616D706C6520636F6E66696775726174696F6E2E0D0A6578616D706C653A0D0A202066697273744E616D653A20E78E8B3136360D0A20206C6173744E616D653A206A61636B0D0A0D0A737072696E673A0D0A2020636C6F75643A0D0A202020206465766F70733A0D0A20202020202069616D3A0D0A2020202020202020636C69656E743A0D0A20202020202020202020626173652D7572693A20687474703A2F2F6C6F63616C686F73743A31343034332F73636D0D0A, null);
INSERT INTO `cf_version_detail` VALUES ('352', '372', '2', '1', 0x2320436F70797269676874202863292032303137207E20323032352C20746865206F726967696E616C20617574686F722077616E676C2E73697220696E646976696475616C20496E632C0A2320416C6C207269676874732072657365727665642E20436F6E74616374207573203938333730383430384071712E636F6D0A230A2320556E6C657373207265717569726564206279206170706C696361626C65206C6177206F722061677265656420746F20696E2077726974696E672C20736F6674776172650A2320646973747269627574656420756E64657220746865204C6963656E7365206973206469737472696275746564206F6E20616E20224153204953222042415349532C0A2320574954484F55542057415252414E54494553204F5220434F4E444954494F4E53204F4620414E59204B494E442C206569746865722065787072657373206F7220696D706C6965642E0A232053656520746865204C6963656E736520666F7220746865207370656369666963206C616E677561676520676F7665726E696E67207065726D697373696F6E7320616E640A23206C696D69746174696F6E7320756E64657220746865204C6963656E73652E0A230A0A23202323232320456E7669726F6E6D656E7428546573742920636F6E66696775726174696F6E2E20232323230A230A0A23204578616D706C6520636F6E66696775726174696F6E2E0A6578616D706C653A0A202066697273744E616D653A2068650A20206C6173744E616D653A207765696A69650A0A737072696E673A0A2020636C6F75643A0A202020206465766F70733A0A20202020202069616D3A0A2020202020202020636C69656E743A0A20202020202020202020626173652D7572693A20687474703A2F2F6C6F63616C686F73743A31343034332F73636D0A, null);
INSERT INTO `cf_version_detail` VALUES ('353', '376', '2', '1', 0x737072696E673A0A202064617461736F757263653A0A20202020747970653A20636F6D2E616C69626162612E64727569642E706F6F6C2E447275696444617461536F757263650A20202020647269766572436C6173734E616D653A20636F6D2E6D7973716C2E6A6462632E4472697665720A2020202064727569643A0A20202020202075726C3A206A6462633A6D7973716C3A2F2F73616665636C6F75642D746573743A33303630312F6465766F70733F757365556E69636F64653D747275652673657276657254696D657A6F6E653D55544326636861726163746572456E636F64696E673D7574662D380A202020202020757365726E616D653A20677A736D, null);
INSERT INTO `cf_version_detail` VALUES ('354', '377', '2', '1', 0x6578616D706C653A0A202066697273744E616D653A20E78E8B0A20206C6173744E616D653A206A61636B, null);
INSERT INTO `cf_version_detail` VALUES ('355', '378', '2', '1', 0x6578616D706C653A0A202066697273744E616D653A2068650A20206C6173744E616D653A20776A, null);
INSERT INTO `cf_version_detail` VALUES ('356', '379', '2', '1', 0x6578616D706C653A0A202066697273744E616D653A2068650A20206C6173744E616D653A20776A31, null);
INSERT INTO `cf_version_detail` VALUES ('357', '380', '2', '1', 0x6578616D706C653A0A202066697273744E616D653A2068650A20206C6173744E616D653A20776A, null);
INSERT INTO `cf_version_detail` VALUES ('358', '381', '2', '1', 0x6578616D706C653A0A202066697273744E616D653A2068650A20206C6173744E616D653A20776A32, null);
INSERT INTO `cf_version_detail` VALUES ('359', '382', '2', '1', 0x6578616D706C653A0A202066697273744E616D653A2068650A20206C6173744E616D653A20776A3233, null);
INSERT INTO `cf_version_detail` VALUES ('360', '383', '2', '1', 0x6578616D706C653A0A202066697273744E616D653A2068650A20206C6173744E616D653A20776A323334, null);
INSERT INTO `cf_version_detail` VALUES ('361', '384', '2', '1', 0x6578616D706C653A0A202066697273744E616D653A2068650A20206C6173744E616D653A20776A32333435, null);
INSERT INTO `cf_version_detail` VALUES ('362', '385', '2', '1', 0x6578616D706C653A0A202066697273744E616D653A2068650A20206C6173744E616D653A20776A3233343536, null);
INSERT INTO `cf_version_detail` VALUES ('363', '386', '2', '1', 0x6578616D706C653A0A202066697273744E616D653A2068650A20206C6173744E616D653A20776A323334353637, null);
INSERT INTO `cf_version_detail` VALUES ('364', '387', '2', '1', 0x6578616D706C653A0A202066697273744E616D653A2068650A20206C6173744E616D653A20776A32333435363738, null);

-- ----------------------------
-- Table structure for ci_dependency
-- ----------------------------
DROP TABLE IF EXISTS `ci_dependency`;
CREATE TABLE `ci_dependency` (
  `id` int(11) NOT NULL,
  `project_id` int(11) DEFAULT NULL,
  `parent_id` int(11) DEFAULT NULL,
  `parent_branch` varchar(32) COLLATE utf8_bin DEFAULT NULL,
  `del_flag` char(1) COLLATE utf8_bin DEFAULT '0',
  `create_date` datetime DEFAULT NULL,
  `create_by` varchar(64) COLLATE utf8_bin DEFAULT NULL,
  `update_date` datetime DEFAULT NULL,
  `update_by` varchar(64) COLLATE utf8_bin DEFAULT NULL,
  PRIMARY KEY (`id`)
) ENGINE=InnoDB DEFAULT CHARSET=utf8 COLLATE=utf8_bin;

-- ----------------------------
-- Records of ci_dependency
-- ----------------------------
INSERT INTO `ci_dependency` VALUES ('1', '4', '3', null, '0', null, null, null, null);
INSERT INTO `ci_dependency` VALUES ('2', '4', '5', null, '0', null, null, null, null);

-- ----------------------------
-- Table structure for ci_project
-- ----------------------------
DROP TABLE IF EXISTS `ci_project`;
CREATE TABLE `ci_project` (
  `id` int(11) NOT NULL AUTO_INCREMENT,
  `project_name` varchar(32) COLLATE utf8_bin NOT NULL COMMENT 'git项目名',
  `git_url` varchar(255) COLLATE utf8_bin DEFAULT NULL COMMENT 'git项目url地址',
  `app_group_id` int(11) DEFAULT NULL COMMENT '项目组id',
  `tar_path` varchar(255) COLLATE utf8_bin DEFAULT NULL COMMENT 'tar文件路径',
  `parent_app_home` varchar(255) COLLATE utf8_bin DEFAULT NULL COMMENT '真实项目存放的父级目录',
  `link_app_home` varchar(255) COLLATE utf8_bin DEFAULT NULL COMMENT '软连接地址',
  `remark` varchar(100) COLLATE utf8_bin DEFAULT NULL,
  `del_flag` char(1) COLLATE utf8_bin DEFAULT '0',
  `create_date` datetime DEFAULT NULL,
  `create_by` varchar(64) COLLATE utf8_bin DEFAULT NULL,
  `update_date` datetime DEFAULT NULL,
  `update_by` varchar(64) COLLATE utf8_bin DEFAULT NULL,
  PRIMARY KEY (`id`)
) ENGINE=InnoDB AUTO_INCREMENT=6 DEFAULT CHARSET=utf8 COLLATE=utf8_bin COMMENT='git项目,与appGroup一一对应';

-- ----------------------------
-- Records of ci_project
-- ----------------------------
INSERT INTO `ci_project` VALUES ('1', 'jianzugittest', 'http://10.0.0.30/group1/jianzugittest.git', '61', '/jzclient/target/jzclient-0.0.1-SNAPSHOT.jar', null, null, null, '0', '2019-05-17 17:24:02', '1', '2019-05-17 17:24:02', '1');
INSERT INTO `ci_project` VALUES ('2', 'safecloud-devops', 'http://code.anjiancloud.owner:8443/devops-team/safecloud-devops.git', null, '/safecloud-devops-datachecker-starter/target/datachecker-master-bin.tar', null, null, null, '0', '2019-05-20 17:50:40', '1', '2019-05-20 17:50:40', '1');
INSERT INTO `ci_project` VALUES ('3', 'safecloud-devops-support', 'http://codes.anjiancloud.owner/devops-team/safecloud-devops-support.git', null, null, null, null, null, '0', '2019-05-22 15:35:53', '1', '2019-05-22 15:35:53', '1');
INSERT INTO `ci_project` VALUES ('4', 'safecloud-devops-datachecker', 'http://codes.anjiancloud.owner/devops-team/datachecker-team/safecloud-devops-datachecker.git', '63', '/boot/target/datachecker-master-bin.tar', null, null, null, '0', '2019-05-22 15:37:02', '1', '2019-05-22 15:37:02', '1');
INSERT INTO `ci_project` VALUES ('5', 'safecloud-devops-trafficmonitor', 'http://codes.anjiancloud.owner/devops-team/trafficmonitor-team/safecloud-devops-trafficmonitor.git', '64', '/trafficmonitor-boot/target/trafficmonitor-master-bin.tar', null, null, null, '0', '2019-05-22 15:37:02', '1', '2019-05-22 15:37:02', '1');

-- ----------------------------
-- Table structure for ci_task
-- ----------------------------
DROP TABLE IF EXISTS `ci_task`;
CREATE TABLE `ci_task` (
  `id` int(11) NOT NULL AUTO_INCREMENT,
  `type` int(11) NOT NULL COMMENT '类型:1钩子触发,2一键部署,3回滚',
  `project_id` int(11) NOT NULL COMMENT '项目id',
  `status` int(11) NOT NULL COMMENT '状态:0创建,1开始,2进行中,3结束',
  `branch_name` varchar(64) COLLATE utf8_bin NOT NULL COMMENT '分支名',
  `sha` varchar(32) COLLATE utf8_bin DEFAULT NULL COMMENT 'commit的sha值,用于回滚',
  `parent_id` int(11) DEFAULT NULL COMMENT '从哪个历史回滚来的',
  `command` text COLLATE utf8_bin COMMENT '自定义命令',
  `tar_type` int(11) DEFAULT NULL COMMENT '类型:1tar,2jar,3自定义',
  `result` text COLLATE utf8_bin COMMENT '运行结果',
  `remark` varchar(100) COLLATE utf8_bin DEFAULT NULL,
  `del_flag` char(1) COLLATE utf8_bin DEFAULT '0',
  `create_date` datetime DEFAULT NULL,
  `create_by` varchar(64) COLLATE utf8_bin DEFAULT NULL,
  `update_date` datetime DEFAULT NULL,
  `update_by` varchar(64) COLLATE utf8_bin DEFAULT NULL,
  PRIMARY KEY (`id`)
) ENGINE=InnoDB AUTO_INCREMENT=111 DEFAULT CHARSET=utf8 COLLATE=utf8_bin COMMENT='任务表,记录部署任务';

-- ----------------------------
-- Records of ci_task
-- ----------------------------
INSERT INTO `ci_task` VALUES ('2', '1', '2', '3', 'hwj_test_ci', null, null, null, '1', null, null, '0', '2019-05-20 18:08:29', '1', '2019-05-20 18:15:52', '1');
INSERT INTO `ci_task` VALUES ('3', '1', '2', '3', 'hwj_test_ci', null, null, null, '1', null, null, '0', '2019-05-20 18:20:05', '1', '2019-05-20 18:21:27', '1');
INSERT INTO `ci_task` VALUES ('4', '1', '2', '3', 'hwj_test_ci', null, null, null, '1', null, null, '0', '2019-05-20 18:24:36', '1', '2019-05-20 18:25:16', '1');
INSERT INTO `ci_task` VALUES ('5', '1', '2', '3', 'hwj_test_ci', null, null, null, '1', null, null, '0', '2019-05-20 18:28:08', '1', '2019-05-20 18:29:41', '1');
INSERT INTO `ci_task` VALUES ('6', '1', '2', '1', 'hwj_test_ci', null, null, null, '1', null, null, '0', '2019-05-20 18:31:05', '1', '2019-05-20 18:31:09', '1');
INSERT INTO `ci_task` VALUES ('7', '1', '2', '1', 'hwj_test_ci', null, null, null, '1', null, null, '0', '2019-05-20 18:37:26', '1', '2019-05-20 18:37:28', '1');
INSERT INTO `ci_task` VALUES ('8', '1', '2', '2', 'hwj_test_ci', null, null, null, '1', null, null, '0', '2019-05-21 10:48:59', '1', '2019-05-21 10:51:56', '1');
INSERT INTO `ci_task` VALUES ('9', '1', '2', '2', 'hwj_test_ci', null, null, null, '1', null, null, '0', '2019-05-21 11:10:59', '1', '2019-05-21 11:11:56', '1');
INSERT INTO `ci_task` VALUES ('10', '1', '2', '1', 'hwj_test_ci', null, null, null, '1', null, null, '0', '2019-05-21 11:31:36', '1', '2019-05-21 11:31:43', '1');
INSERT INTO `ci_task` VALUES ('11', '1', '2', '2', 'hwj_test_ci', null, null, null, '1', null, null, '0', '2019-05-21 13:52:27', '1', '2019-05-21 13:53:00', '1');
INSERT INTO `ci_task` VALUES ('12', '1', '2', '3', 'hwj_test_ci', null, null, null, '1', null, null, '0', '2019-05-21 18:04:25', '1', '2019-05-21 18:06:29', '1');
INSERT INTO `ci_task` VALUES ('13', '1', '2', '2', 'hwj_test_ci', null, null, null, '1', null, null, '0', '2019-05-21 18:12:29', '1', '2019-05-21 18:13:03', '1');
INSERT INTO `ci_task` VALUES ('14', '1', '2', '2', 'hwj_test_ci', null, null, null, '1', null, null, '0', '2019-05-21 18:12:54', '1', '2019-05-21 18:13:20', '1');
INSERT INTO `ci_task` VALUES ('15', '1', '2', '2', 'hwj_test_ci', null, null, null, '1', null, null, '0', '2019-05-21 18:15:35', '1', '2019-05-21 18:16:18', '1');
INSERT INTO `ci_task` VALUES ('16', '1', '2', '2', 'hwj_test_ci', null, null, null, '1', null, null, '0', '2019-05-21 18:20:02', '1', '2019-05-21 18:20:28', '1');
INSERT INTO `ci_task` VALUES ('17', '1', '2', '2', 'hwj_test_ci', null, null, null, '1', null, null, '0', '2019-05-22 09:44:25', '1', '2019-05-22 09:44:53', '1');
INSERT INTO `ci_task` VALUES ('18', '1', '2', '3', 'hwj_test_ci', null, null, null, '1', null, null, '0', '2019-05-22 15:16:36', '1', '2019-05-22 15:16:43', '1');
INSERT INTO `ci_task` VALUES ('19', '1', '4', '1', 'master', null, null, null, '1', null, null, '0', '2019-05-22 16:53:33', '1', '2019-05-22 16:53:36', '1');
INSERT INTO `ci_task` VALUES ('20', '1', '4', '1', 'master', null, null, null, '1', null, null, '0', '2019-05-22 16:55:50', '1', '2019-05-22 16:55:50', '1');
INSERT INTO `ci_task` VALUES ('21', '1', '4', '1', 'master', null, null, null, '1', null, null, '0', '2019-05-22 17:03:54', '1', '2019-05-22 17:03:54', '1');
INSERT INTO `ci_task` VALUES ('22', '1', '4', '2', 'master', null, null, null, '1', null, null, '0', '2019-05-22 17:26:43', '1', '2019-05-22 17:28:35', '1');
INSERT INTO `ci_task` VALUES ('23', '1', '4', '2', 'master', null, null, null, '1', null, null, '0', '2019-05-22 17:34:48', '1', '2019-05-22 17:36:31', '1');
INSERT INTO `ci_task` VALUES ('24', '1', '4', '2', 'master', null, null, null, '1', null, null, '0', '2019-05-23 10:51:28', '1', '2019-05-23 10:55:02', '1');
INSERT INTO `ci_task` VALUES ('25', '1', '4', '2', 'master', null, null, null, '1', null, null, '0', '2019-05-23 11:01:40', '1', '2019-05-23 11:02:53', '1');
INSERT INTO `ci_task` VALUES ('26', '1', '4', '2', 'master', null, null, null, '1', null, null, '0', '2019-05-23 11:03:31', '1', '2019-05-23 11:05:20', '1');
INSERT INTO `ci_task` VALUES ('27', '1', '4', '2', 'master', null, null, null, '1', null, null, '0', '2019-05-23 11:20:26', '1', '2019-05-23 11:21:34', '1');
INSERT INTO `ci_task` VALUES ('28', '1', '4', '2', 'master', null, null, null, '1', null, null, '0', '2019-05-23 11:27:23', '1', '2019-05-23 11:30:09', '1');
INSERT INTO `ci_task` VALUES ('29', '1', '4', '1', 'master', null, null, null, '1', null, null, '0', '2019-05-23 11:30:47', '1', '2019-05-23 11:30:47', '1');
INSERT INTO `ci_task` VALUES ('30', '1', '4', '2', 'master', null, null, null, '1', null, null, '0', '2019-05-23 11:34:19', '1', '2019-05-23 11:35:03', '1');
INSERT INTO `ci_task` VALUES ('31', '1', '4', '2', 'master', null, null, null, '1', null, null, '0', '2019-05-23 11:39:02', '1', '2019-05-23 11:41:36', '1');
INSERT INTO `ci_task` VALUES ('32', '1', '4', '2', 'master', null, null, null, '1', null, null, '0', '2019-05-23 11:41:44', '1', '2019-05-23 11:42:25', '1');
INSERT INTO `ci_task` VALUES ('33', '1', '4', '2', 'master', null, null, null, '1', null, null, '0', '2019-05-23 13:50:03', '1', '2019-05-23 13:50:40', '1');
INSERT INTO `ci_task` VALUES ('34', '1', '4', '2', 'master', null, null, null, '1', null, null, '0', '2019-05-23 15:06:33', '1', '2019-05-23 15:07:10', '1');
INSERT INTO `ci_task` VALUES ('35', '1', '4', '3', 'master', null, null, null, '1', null, null, '0', '2019-05-23 15:35:45', '1', '2019-05-23 15:36:15', '1');
INSERT INTO `ci_task` VALUES ('36', '1', '4', '2', 'master', null, null, null, '1', null, null, '0', '2019-05-23 16:29:33', '1', '2019-05-23 16:30:19', '1');
INSERT INTO `ci_task` VALUES ('37', '1', '4', '2', 'master', null, null, null, '1', null, null, '0', '2019-05-23 18:05:42', '1', '2019-05-23 18:06:24', '1');
INSERT INTO `ci_task` VALUES ('38', '1', '4', '3', 'master', null, null, null, '1', null, null, '0', '2019-05-23 18:33:55', '1', '2019-05-23 18:34:00', '1');
INSERT INTO `ci_task` VALUES ('39', '1', '4', '3', 'master', null, null, null, '1', null, null, '0', '2019-05-23 18:43:27', '1', '2019-05-23 18:43:30', '1');
INSERT INTO `ci_task` VALUES ('40', '1', '4', '3', 'master', null, null, null, '1', null, null, '0', '2019-05-23 18:50:06', '1', '2019-05-23 18:50:11', '1');
INSERT INTO `ci_task` VALUES ('41', '1', '4', '3', 'master', null, null, null, '1', null, null, '0', '2019-05-23 18:52:20', '1', '2019-05-23 18:53:29', '1');
INSERT INTO `ci_task` VALUES ('42', '1', '4', '3', 'master', null, null, null, '1', null, null, '0', '2019-05-23 19:08:13', '1', '2019-05-23 19:08:48', '1');
INSERT INTO `ci_task` VALUES ('43', '1', '4', '3', 'master', null, null, null, '1', null, null, '0', '2019-05-24 09:10:30', '1', '2019-05-24 09:10:30', '1');
INSERT INTO `ci_task` VALUES ('44', '1', '4', '3', 'master', null, null, null, '1', null, null, '0', '2019-05-24 09:15:49', '1', '2019-05-24 09:17:00', '1');
INSERT INTO `ci_task` VALUES ('45', '1', '4', '3', 'master', null, null, null, '1', null, null, '0', '2019-05-24 09:45:21', '1', '2019-05-24 09:46:23', '1');
INSERT INTO `ci_task` VALUES ('46', '1', '4', '3', 'master', null, null, null, '1', null, null, '0', '2019-05-24 10:20:32', '1', '2019-05-24 10:21:15', '1');
INSERT INTO `ci_task` VALUES ('47', '1', '4', '2', 'master', null, null, null, '1', null, null, '0', '2019-05-24 10:30:23', '1', '2019-05-24 10:31:07', '1');
INSERT INTO `ci_task` VALUES ('48', '1', '4', '2', 'master', null, null, null, '1', null, null, '0', '2019-05-24 10:40:01', '1', '2019-05-24 10:40:46', '1');
INSERT INTO `ci_task` VALUES ('49', '1', '4', '2', 'master', null, null, null, '1', null, null, '0', '2019-05-24 10:46:40', '1', '2019-05-24 10:47:23', '1');
INSERT INTO `ci_task` VALUES ('50', '1', '4', '2', 'master', null, null, null, '1', null, null, '0', '2019-05-24 10:48:32', '1', '2019-05-24 10:49:14', '1');
INSERT INTO `ci_task` VALUES ('51', '1', '4', '2', 'master', null, null, null, '1', null, null, '0', '2019-05-24 10:50:59', '1', '2019-05-24 10:51:47', '1');
INSERT INTO `ci_task` VALUES ('52', '1', '4', '2', 'master', null, null, null, '1', null, null, '0', '2019-05-24 11:17:56', '1', '2019-05-24 11:19:06', '1');
INSERT INTO `ci_task` VALUES ('53', '1', '4', '2', 'master', null, null, null, '1', null, null, '0', '2019-05-24 11:19:59', '1', '2019-05-24 11:20:40', '1');
INSERT INTO `ci_task` VALUES ('54', '1', '4', '2', 'master', null, null, null, '1', null, null, '0', '2019-05-24 11:22:10', '1', '2019-05-24 11:26:17', '1');
INSERT INTO `ci_task` VALUES ('55', '1', '4', '1', 'master', null, null, null, '1', null, null, '0', '2019-05-24 11:28:37', '1', '2019-05-24 11:28:37', '1');
INSERT INTO `ci_task` VALUES ('56', '1', '4', '2', 'master', null, null, null, '1', null, null, '0', '2019-05-24 11:29:15', '1', '2019-05-24 11:34:28', '1');
INSERT INTO `ci_task` VALUES ('57', '1', '4', '2', 'master', null, null, null, '1', null, null, '0', '2019-05-24 11:40:12', '1', '2019-05-24 11:40:55', '1');
INSERT INTO `ci_task` VALUES ('58', '1', '4', '2', 'master', null, null, null, '1', null, null, '0', '2019-05-24 11:44:20', '1', '2019-05-24 11:44:57', '1');
INSERT INTO `ci_task` VALUES ('59', '1', '4', '2', 'master', null, null, null, '1', null, null, '0', '2019-05-24 14:39:51', '1', '2019-05-24 14:41:43', '1');
INSERT INTO `ci_task` VALUES ('60', '1', '4', '2', 'master', null, null, null, '1', null, null, '0', '2019-05-24 14:47:44', '1', '2019-05-24 14:48:20', '1');
INSERT INTO `ci_task` VALUES ('61', '1', '4', '2', 'master', null, null, null, '1', null, null, '0', '2019-05-24 14:51:37', '1', '2019-05-24 14:52:17', '1');
INSERT INTO `ci_task` VALUES ('62', '1', '4', '2', 'master', null, null, null, '1', null, null, '0', '2019-05-24 15:17:36', '1', '2019-05-24 15:18:17', '1');
INSERT INTO `ci_task` VALUES ('63', '1', '4', '3', 'master', null, null, null, '1', null, null, '0', '2019-05-24 15:54:23', '1', '2019-05-24 15:54:24', '1');
INSERT INTO `ci_task` VALUES ('64', '1', '4', '3', 'master', null, null, null, '1', null, null, '0', '2019-05-24 15:54:33', '1', '2019-05-24 15:54:33', '1');
INSERT INTO `ci_task` VALUES ('65', '1', '4', '3', 'master', null, null, null, '1', null, null, '0', '2019-05-24 15:56:16', '1', '2019-05-24 15:56:16', '1');
INSERT INTO `ci_task` VALUES ('66', '1', '4', '3', 'master', null, null, null, '1', null, null, '0', '2019-05-24 15:58:54', '1', '2019-05-24 15:59:25', '1');
INSERT INTO `ci_task` VALUES ('67', '1', '4', '2', 'master', null, null, null, '1', null, null, '0', '2019-05-24 16:17:35', '1', '2019-05-24 16:18:26', '1');
INSERT INTO `ci_task` VALUES ('68', '1', '4', '2', 'master', null, null, null, '1', null, null, '0', '2019-05-24 16:19:38', '1', '2019-05-24 16:20:27', '1');
INSERT INTO `ci_task` VALUES ('69', '1', '4', '2', 'master', null, null, null, '1', null, null, '0', '2019-05-24 16:23:35', '1', '2019-05-24 16:24:11', '1');
INSERT INTO `ci_task` VALUES ('70', '1', '4', '2', 'master', null, null, null, '1', null, null, '0', '2019-05-24 16:24:30', '1', '2019-05-24 16:25:05', '1');
INSERT INTO `ci_task` VALUES ('71', '1', '4', '2', 'master', null, null, null, '1', null, null, '0', '2019-05-24 16:25:33', '1', '2019-05-24 16:26:10', '1');
INSERT INTO `ci_task` VALUES ('72', '1', '4', '2', 'master', null, null, null, '1', null, null, '0', '2019-05-24 16:31:52', '1', '2019-05-24 16:32:57', '1');
INSERT INTO `ci_task` VALUES ('73', '1', '4', '2', 'master', null, null, null, '1', null, null, '0', '2019-05-24 16:33:52', '1', '2019-05-24 16:34:28', '1');
INSERT INTO `ci_task` VALUES ('74', '1', '4', '2', 'master', null, null, null, '1', null, null, '0', '2019-05-24 16:34:55', '1', '2019-05-24 16:36:59', '1');
INSERT INTO `ci_task` VALUES ('75', '1', '4', '2', 'master', null, null, null, '1', null, null, '0', '2019-05-24 16:37:26', '1', '2019-05-24 16:43:02', '1');
INSERT INTO `ci_task` VALUES ('76', '1', '4', '2', 'master', null, null, null, '1', null, null, '0', '2019-05-24 16:44:03', '1', '2019-05-24 16:44:42', '1');
INSERT INTO `ci_task` VALUES ('77', '1', '4', '2', 'master', null, null, null, '1', null, null, '0', '2019-05-24 16:45:35', '1', '2019-05-24 16:46:10', '1');
INSERT INTO `ci_task` VALUES ('78', '1', '4', '2', 'master', null, null, null, '1', null, null, '0', '2019-05-24 16:46:30', '1', '2019-05-24 16:47:08', '1');
INSERT INTO `ci_task` VALUES ('79', '1', '4', '2', 'master', null, null, null, '1', null, null, '0', '2019-05-24 16:47:29', '1', '2019-05-24 16:48:06', '1');
INSERT INTO `ci_task` VALUES ('80', '1', '4', '1', 'master', null, null, null, '1', null, null, '0', '2019-05-24 16:50:57', '1', '2019-05-24 16:50:57', '1');
INSERT INTO `ci_task` VALUES ('81', '1', '4', '2', 'master', null, null, null, '1', null, null, '0', '2019-05-24 16:52:11', '1', '2019-05-24 16:52:47', '1');
INSERT INTO `ci_task` VALUES ('82', '1', '4', '2', 'master', null, null, null, '1', null, null, '0', '2019-05-24 16:52:56', '1', '2019-05-24 16:53:33', '1');
INSERT INTO `ci_task` VALUES ('83', '1', '4', '2', 'master', null, null, null, '1', null, null, '0', '2019-05-24 16:53:45', '1', '2019-05-24 16:54:22', '1');
INSERT INTO `ci_task` VALUES ('84', '1', '4', '2', 'master', null, null, null, '1', null, null, '0', '2019-05-24 16:54:31', '1', '2019-05-24 16:55:06', '1');
INSERT INTO `ci_task` VALUES ('85', '1', '4', '2', 'master', null, null, null, '1', null, null, '0', '2019-05-24 16:55:49', '1', '2019-05-24 16:56:29', '1');
INSERT INTO `ci_task` VALUES ('86', '1', '4', '2', 'master', null, null, null, '1', null, null, '0', '2019-05-24 16:56:47', '1', '2019-05-24 16:57:26', '1');
INSERT INTO `ci_task` VALUES ('87', '1', '4', '2', 'master', null, null, null, '1', null, null, '0', '2019-05-24 17:00:24', '1', '2019-05-24 17:01:00', '1');
INSERT INTO `ci_task` VALUES ('88', '1', '4', '1', 'master', null, null, null, '1', null, null, '0', '2019-05-24 17:04:57', '1', '2019-05-24 17:04:57', '1');
INSERT INTO `ci_task` VALUES ('89', '1', '4', '1', 'master', null, null, null, '1', null, null, '0', '2019-05-24 17:06:32', '1', '2019-05-24 17:06:32', '1');
INSERT INTO `ci_task` VALUES ('90', '1', '4', '2', 'master', null, null, null, '1', null, null, '0', '2019-05-24 17:08:18', '1', '2019-05-24 17:08:54', '1');
INSERT INTO `ci_task` VALUES ('91', '1', '4', '2', 'master', null, null, null, '1', null, null, '0', '2019-05-24 17:11:40', '1', '2019-05-24 17:12:14', '1');
INSERT INTO `ci_task` VALUES ('92', '1', '4', '1', 'master', null, null, null, '1', null, null, '0', '2019-05-24 17:27:20', '1', '2019-05-24 17:27:21', '1');
INSERT INTO `ci_task` VALUES ('93', '1', '4', '2', 'master', null, null, null, '1', null, null, '0', '2019-05-24 17:30:53', '1', '2019-05-24 17:31:31', '1');
INSERT INTO `ci_task` VALUES ('94', '1', '4', '2', 'master', null, null, null, '1', null, null, '0', '2019-05-24 17:31:48', '1', '2019-05-24 17:32:25', '1');
INSERT INTO `ci_task` VALUES ('95', '1', '4', '2', 'master', null, null, null, '1', null, null, '0', '2019-05-24 18:17:25', '1', '2019-05-24 18:18:08', '1');
INSERT INTO `ci_task` VALUES ('96', '1', '4', '2', 'master', null, null, null, '1', null, null, '0', '2019-05-24 18:18:20', '1', '2019-05-24 18:18:59', '1');
INSERT INTO `ci_task` VALUES ('97', '1', '4', '2', 'master', null, null, null, '1', null, null, '0', '2019-05-24 18:51:38', '1', '2019-05-24 18:52:29', '1');
INSERT INTO `ci_task` VALUES ('98', '1', '4', '3', 'master', null, null, null, '1', null, null, '0', '2019-05-29 23:43:20', '1', '2019-05-29 23:43:38', '1');
INSERT INTO `ci_task` VALUES ('99', '1', '4', '3', 'master', null, null, null, '1', null, null, '0', '2019-05-29 23:43:42', '1', '2019-05-29 23:43:51', '1');
INSERT INTO `ci_task` VALUES ('100', '1', '4', '3', 'master', null, null, null, '1', null, null, '0', '2019-05-29 23:44:16', '1', '2019-05-29 23:44:26', '1');
INSERT INTO `ci_task` VALUES ('101', '1', '4', '3', 'master', null, null, null, '1', null, null, '0', '2019-05-29 23:46:26', '1', '2019-05-29 23:46:31', '1');
INSERT INTO `ci_task` VALUES ('102', '1', '4', '3', 'master', null, null, null, '1', null, null, '0', '2019-05-29 23:46:45', '1', '2019-05-29 23:46:48', '1');
INSERT INTO `ci_task` VALUES ('103', '1', '4', '3', 'master', null, null, null, '1', null, null, '0', '2019-05-29 23:49:36', '1', '2019-05-29 23:49:40', '1');
INSERT INTO `ci_task` VALUES ('104', '1', '4', '3', 'master', null, null, null, '1', null, null, '0', '2019-05-29 23:52:20', '1', '2019-05-29 23:52:23', '1');
INSERT INTO `ci_task` VALUES ('105', '1', '4', '3', 'master', null, null, null, '1', null, null, '0', '2019-05-30 00:17:38', '1', '2019-05-30 00:17:41', '1');
INSERT INTO `ci_task` VALUES ('106', '1', '4', '3', 'master', null, null, null, '1', null, null, '0', '2019-05-30 00:19:45', '1', '2019-05-30 00:19:48', '1');
INSERT INTO `ci_task` VALUES ('107', '1', '4', '3', 'master', null, null, null, '1', null, null, '0', '2019-05-30 00:23:59', '1', '2019-05-30 00:24:26', '1');
INSERT INTO `ci_task` VALUES ('108', '1', '4', '3', 'master', null, null, null, '1', null, null, '0', '2019-05-30 00:24:31', '1', '2019-05-30 00:24:38', '1');
INSERT INTO `ci_task` VALUES ('109', '1', '4', '2', 'master', null, null, null, '1', null, null, '0', '2019-05-30 00:24:58', '1', '2019-05-30 00:25:45', '1');
INSERT INTO `ci_task` VALUES ('110', '1', '4', '2', 'master', null, null, null, '1', null, null, '0', '2019-05-31 09:05:38', '1', '2019-05-31 09:06:35', '1');

-- ----------------------------
-- Table structure for ci_task_detail
-- ----------------------------
DROP TABLE IF EXISTS `ci_task_detail`;
CREATE TABLE `ci_task_detail` (
  `id` int(11) NOT NULL AUTO_INCREMENT,
  `task_id` int(11) NOT NULL COMMENT '任务id',
  `instance_id` int(11) NOT NULL COMMENT '实例id',
  `status` int(11) NOT NULL COMMENT '状态:0创建,1开始,2进行中,3结束',
  `result` text COLLATE utf8_bin COMMENT '结果',
  `del_flag` char(1) COLLATE utf8_bin DEFAULT '0',
  `create_date` datetime DEFAULT NULL,
  `create_by` varchar(64) COLLATE utf8_bin DEFAULT NULL,
  `update_date` datetime DEFAULT NULL,
  `update_by` varchar(64) COLLATE utf8_bin DEFAULT NULL,
  PRIMARY KEY (`id`)
) ENGINE=InnoDB AUTO_INCREMENT=110 DEFAULT CHARSET=utf8 COLLATE=utf8_bin COMMENT='一个任务对应的多个实例';

-- ----------------------------
-- Records of ci_task_detail
-- ----------------------------
INSERT INTO `ci_task_detail` VALUES ('1', '2', '63', '0', null, '0', '2019-05-20 18:08:48', '1', '2019-05-20 18:08:48', '1');
INSERT INTO `ci_task_detail` VALUES ('2', '3', '63', '0', null, '0', '2019-05-20 18:20:05', '1', '2019-05-20 18:20:05', '1');
INSERT INTO `ci_task_detail` VALUES ('3', '4', '63', '0', null, '0', '2019-05-20 18:24:36', '1', '2019-05-20 18:24:36', '1');
INSERT INTO `ci_task_detail` VALUES ('4', '5', '63', '0', null, '0', '2019-05-20 18:28:08', '1', '2019-05-20 18:28:08', '1');
INSERT INTO `ci_task_detail` VALUES ('5', '6', '63', '0', null, '0', '2019-05-20 18:31:05', '1', '2019-05-20 18:31:05', '1');
INSERT INTO `ci_task_detail` VALUES ('6', '7', '63', '0', null, '0', '2019-05-20 18:37:26', '1', '2019-05-20 18:37:26', '1');
INSERT INTO `ci_task_detail` VALUES ('7', '8', '63', '2', null, '0', '2019-05-21 10:48:59', '1', '2019-05-21 10:51:52', '1');
INSERT INTO `ci_task_detail` VALUES ('8', '9', '63', '2', null, '0', '2019-05-21 11:10:59', '1', '2019-05-21 11:11:51', '1');
INSERT INTO `ci_task_detail` VALUES ('9', '10', '63', '1', null, '0', '2019-05-21 11:31:36', '1', '2019-05-21 11:32:10', '1');
INSERT INTO `ci_task_detail` VALUES ('10', '11', '63', '2', null, '0', '2019-05-21 13:52:27', '1', '2019-05-21 13:52:58', '1');
INSERT INTO `ci_task_detail` VALUES ('11', '12', '63', '0', null, '0', '2019-05-21 18:04:26', '1', '2019-05-21 18:04:26', '1');
INSERT INTO `ci_task_detail` VALUES ('12', '13', '63', '2', null, '0', '2019-05-21 18:12:29', '1', '2019-05-21 18:12:55', '1');
INSERT INTO `ci_task_detail` VALUES ('13', '14', '63', '2', null, '0', '2019-05-21 18:12:54', '1', '2019-05-21 18:13:18', '1');
INSERT INTO `ci_task_detail` VALUES ('14', '15', '63', '2', null, '0', '2019-05-21 18:15:35', '1', '2019-05-21 18:15:58', '1');
INSERT INTO `ci_task_detail` VALUES ('15', '16', '63', '2', null, '0', '2019-05-21 18:20:02', '1', '2019-05-21 18:20:25', '1');
INSERT INTO `ci_task_detail` VALUES ('16', '17', '63', '2', null, '0', '2019-05-22 09:44:25', '1', '2019-05-22 09:44:51', '1');
INSERT INTO `ci_task_detail` VALUES ('17', '18', '63', '0', null, '0', '2019-05-22 15:16:36', '1', '2019-05-22 15:16:36', '1');
INSERT INTO `ci_task_detail` VALUES ('18', '19', '63', '0', null, '0', '2019-05-22 16:53:33', '1', '2019-05-22 16:53:33', '1');
INSERT INTO `ci_task_detail` VALUES ('19', '20', '63', '0', null, '0', '2019-05-22 16:55:50', '1', '2019-05-22 16:55:50', '1');
INSERT INTO `ci_task_detail` VALUES ('20', '21', '63', '1', null, '0', '2019-05-22 17:03:54', '1', '2019-05-22 17:07:52', '1');
INSERT INTO `ci_task_detail` VALUES ('21', '22', '64', '2', null, '0', '2019-05-22 17:26:43', '1', '2019-05-22 17:28:33', '1');
INSERT INTO `ci_task_detail` VALUES ('22', '23', '64', '2', null, '0', '2019-05-22 17:34:48', '1', '2019-05-22 17:36:29', '1');
INSERT INTO `ci_task_detail` VALUES ('23', '24', '64', '3', null, '0', '2019-05-23 10:51:28', '1', '2019-05-23 10:55:02', '1');
INSERT INTO `ci_task_detail` VALUES ('24', '25', '64', '3', null, '0', '2019-05-23 11:01:40', '1', '2019-05-23 11:02:47', '1');
INSERT INTO `ci_task_detail` VALUES ('25', '26', '64', '3', null, '0', '2019-05-23 11:03:31', '1', '2019-05-23 11:05:20', '1');
INSERT INTO `ci_task_detail` VALUES ('26', '27', '64', '3', null, '0', '2019-05-23 11:20:26', '1', '2019-05-23 11:21:33', '1');
INSERT INTO `ci_task_detail` VALUES ('27', '28', '64', '3', null, '0', '2019-05-23 11:27:23', '1', '2019-05-23 11:30:09', '1');
INSERT INTO `ci_task_detail` VALUES ('28', '29', '64', '1', null, '0', '2019-05-23 11:30:47', '1', '2019-05-23 11:31:19', '1');
INSERT INTO `ci_task_detail` VALUES ('29', '30', '64', '2', null, '0', '2019-05-23 11:34:19', '1', '2019-05-23 11:34:59', '1');
INSERT INTO `ci_task_detail` VALUES ('30', '31', '64', '2', null, '0', '2019-05-23 11:39:02', '1', '2019-05-23 11:39:39', '1');
INSERT INTO `ci_task_detail` VALUES ('31', '32', '64', '2', null, '0', '2019-05-23 11:41:44', '1', '2019-05-23 11:42:22', '1');
INSERT INTO `ci_task_detail` VALUES ('32', '33', '64', '2', null, '0', '2019-05-23 13:50:03', '1', '2019-05-23 13:50:40', '1');
INSERT INTO `ci_task_detail` VALUES ('33', '34', '64', '2', null, '0', '2019-05-23 15:06:33', '1', '2019-05-23 15:07:10', '1');
INSERT INTO `ci_task_detail` VALUES ('34', '35', '64', '0', null, '0', '2019-05-23 15:35:45', '1', '2019-05-23 15:35:45', '1');
INSERT INTO `ci_task_detail` VALUES ('35', '36', '64', '2', null, '0', '2019-05-23 16:29:33', '1', '2019-05-23 16:30:19', '1');
INSERT INTO `ci_task_detail` VALUES ('36', '37', '64', '2', null, '0', '2019-05-23 18:05:42', '1', '2019-05-23 18:06:24', '1');
INSERT INTO `ci_task_detail` VALUES ('37', '38', '64', '0', null, '0', '2019-05-23 18:33:55', '1', '2019-05-23 18:33:55', '1');
INSERT INTO `ci_task_detail` VALUES ('38', '39', '64', '0', null, '0', '2019-05-23 18:43:27', '1', '2019-05-23 18:43:27', '1');
INSERT INTO `ci_task_detail` VALUES ('39', '40', '64', '0', null, '0', '2019-05-23 18:50:06', '1', '2019-05-23 18:50:06', '1');
INSERT INTO `ci_task_detail` VALUES ('40', '41', '64', '0', null, '0', '2019-05-23 18:52:20', '1', '2019-05-23 18:52:20', '1');
INSERT INTO `ci_task_detail` VALUES ('41', '42', '64', '0', null, '0', '2019-05-23 19:08:13', '1', '2019-05-23 19:08:13', '1');
INSERT INTO `ci_task_detail` VALUES ('42', '43', '64', '0', null, '0', '2019-05-24 09:10:30', '1', '2019-05-24 09:10:30', '1');
INSERT INTO `ci_task_detail` VALUES ('43', '44', '64', '0', null, '0', '2019-05-24 09:15:49', '1', '2019-05-24 09:15:49', '1');
INSERT INTO `ci_task_detail` VALUES ('44', '45', '64', '0', null, '0', '2019-05-24 09:45:21', '1', '2019-05-24 09:45:21', '1');
INSERT INTO `ci_task_detail` VALUES ('45', '46', '64', '0', null, '0', '2019-05-24 10:20:32', '1', '2019-05-24 10:20:32', '1');
INSERT INTO `ci_task_detail` VALUES ('46', '47', '64', '3', null, '0', '2019-05-24 10:30:23', '1', '2019-05-24 10:31:07', '1');
INSERT INTO `ci_task_detail` VALUES ('47', '48', '64', '3', null, '0', '2019-05-24 10:40:01', '1', '2019-05-24 10:40:46', '1');
INSERT INTO `ci_task_detail` VALUES ('48', '49', '64', '3', null, '0', '2019-05-24 10:46:40', '1', '2019-05-24 10:47:23', '1');
INSERT INTO `ci_task_detail` VALUES ('49', '50', '64', '3', null, '0', '2019-05-24 10:48:32', '1', '2019-05-24 10:49:14', '1');
INSERT INTO `ci_task_detail` VALUES ('50', '51', '64', '2', null, '0', '2019-05-24 10:50:59', '1', '2019-05-24 10:51:47', '1');
INSERT INTO `ci_task_detail` VALUES ('51', '52', '64', '3', null, '0', '2019-05-24 11:17:56', '1', '2019-05-24 11:19:06', '1');
INSERT INTO `ci_task_detail` VALUES ('52', '53', '64', '3', null, '0', '2019-05-24 11:19:59', '1', '2019-05-24 11:20:40', '1');
INSERT INTO `ci_task_detail` VALUES ('53', '54', '64', '3', null, '0', '2019-05-24 11:22:10', '1', '2019-05-24 11:26:17', '1');
INSERT INTO `ci_task_detail` VALUES ('54', '55', '64', '0', null, '0', '2019-05-24 11:28:37', '1', '2019-05-24 11:28:37', '1');
INSERT INTO `ci_task_detail` VALUES ('55', '56', '64', '3', null, '0', '2019-05-24 11:29:15', '1', '2019-05-24 11:34:27', '1');
INSERT INTO `ci_task_detail` VALUES ('56', '57', '64', '3', null, '0', '2019-05-24 11:40:12', '1', '2019-05-24 11:40:55', '1');
INSERT INTO `ci_task_detail` VALUES ('57', '58', '64', '3', null, '0', '2019-05-24 11:44:21', '1', '2019-05-24 11:44:57', '1');
INSERT INTO `ci_task_detail` VALUES ('58', '59', '64', '3', null, '0', '2019-05-24 14:39:51', '1', '2019-05-24 14:41:43', '1');
INSERT INTO `ci_task_detail` VALUES ('59', '60', '64', '2', null, '0', '2019-05-24 14:47:44', '1', '2019-05-24 14:48:20', '1');
INSERT INTO `ci_task_detail` VALUES ('60', '61', '64', '2', null, '0', '2019-05-24 14:51:37', '1', '2019-05-24 14:52:17', '1');
INSERT INTO `ci_task_detail` VALUES ('61', '62', '64', '2', null, '0', '2019-05-24 15:17:36', '1', '2019-05-24 15:18:17', '1');
INSERT INTO `ci_task_detail` VALUES ('62', '63', '64', '0', null, '0', '2019-05-24 15:54:23', '1', '2019-05-24 15:54:23', '1');
INSERT INTO `ci_task_detail` VALUES ('63', '64', '64', '0', null, '0', '2019-05-24 15:54:33', '1', '2019-05-24 15:54:33', '1');
INSERT INTO `ci_task_detail` VALUES ('64', '65', '64', '0', null, '0', '2019-05-24 15:56:16', '1', '2019-05-24 15:56:16', '1');
INSERT INTO `ci_task_detail` VALUES ('65', '66', '64', '0', null, '0', '2019-05-24 15:58:54', '1', '2019-05-24 15:58:54', '1');
INSERT INTO `ci_task_detail` VALUES ('66', '67', '64', '2', null, '0', '2019-05-24 16:17:35', '1', '2019-05-24 16:18:26', '1');
INSERT INTO `ci_task_detail` VALUES ('67', '68', '64', '2', null, '0', '2019-05-24 16:19:38', '1', '2019-05-24 16:20:27', '1');
INSERT INTO `ci_task_detail` VALUES ('68', '69', '64', '2', null, '0', '2019-05-24 16:23:35', '1', '2019-05-24 16:24:11', '1');
INSERT INTO `ci_task_detail` VALUES ('69', '70', '64', '2', null, '0', '2019-05-24 16:24:30', '1', '2019-05-24 16:25:05', '1');
INSERT INTO `ci_task_detail` VALUES ('70', '71', '64', '2', null, '0', '2019-05-24 16:25:33', '1', '2019-05-24 16:26:10', '1');
INSERT INTO `ci_task_detail` VALUES ('71', '72', '64', '2', null, '0', '2019-05-24 16:31:52', '1', '2019-05-24 16:32:57', '1');
INSERT INTO `ci_task_detail` VALUES ('72', '73', '64', '2', null, '0', '2019-05-24 16:33:52', '1', '2019-05-24 16:34:28', '1');
INSERT INTO `ci_task_detail` VALUES ('73', '74', '64', '2', null, '0', '2019-05-24 16:34:55', '1', '2019-05-24 16:36:59', '1');
INSERT INTO `ci_task_detail` VALUES ('74', '75', '64', '2', null, '0', '2019-05-24 16:37:26', '1', '2019-05-24 16:43:02', '1');
INSERT INTO `ci_task_detail` VALUES ('75', '76', '64', '2', null, '0', '2019-05-24 16:44:03', '1', '2019-05-24 16:44:42', '1');
INSERT INTO `ci_task_detail` VALUES ('76', '77', '64', '2', null, '0', '2019-05-24 16:45:35', '1', '2019-05-24 16:46:10', '1');
INSERT INTO `ci_task_detail` VALUES ('77', '78', '64', '2', null, '0', '2019-05-24 16:46:30', '1', '2019-05-24 16:47:08', '1');
INSERT INTO `ci_task_detail` VALUES ('78', '79', '64', '2', null, '0', '2019-05-24 16:47:29', '1', '2019-05-24 16:48:06', '1');
INSERT INTO `ci_task_detail` VALUES ('79', '80', '64', '0', null, '0', '2019-05-24 16:50:57', '1', '2019-05-24 16:50:57', '1');
INSERT INTO `ci_task_detail` VALUES ('80', '81', '64', '2', null, '0', '2019-05-24 16:52:11', '1', '2019-05-24 16:52:47', '1');
INSERT INTO `ci_task_detail` VALUES ('81', '82', '64', '2', null, '0', '2019-05-24 16:52:56', '1', '2019-05-24 16:53:33', '1');
INSERT INTO `ci_task_detail` VALUES ('82', '83', '64', '2', null, '0', '2019-05-24 16:53:45', '1', '2019-05-24 16:54:22', '1');
INSERT INTO `ci_task_detail` VALUES ('83', '84', '64', '2', null, '0', '2019-05-24 16:54:31', '1', '2019-05-24 16:55:06', '1');
INSERT INTO `ci_task_detail` VALUES ('84', '85', '64', '2', null, '0', '2019-05-24 16:55:50', '1', '2019-05-24 16:56:29', '1');
INSERT INTO `ci_task_detail` VALUES ('85', '86', '64', '2', null, '0', '2019-05-24 16:56:47', '1', '2019-05-24 16:57:26', '1');
INSERT INTO `ci_task_detail` VALUES ('86', '87', '64', '2', null, '0', '2019-05-24 17:00:24', '1', '2019-05-24 17:01:00', '1');
INSERT INTO `ci_task_detail` VALUES ('87', '88', '64', '0', null, '0', '2019-05-24 17:04:57', '1', '2019-05-24 17:04:57', '1');
INSERT INTO `ci_task_detail` VALUES ('88', '89', '64', '0', null, '0', '2019-05-24 17:06:32', '1', '2019-05-24 17:06:32', '1');
INSERT INTO `ci_task_detail` VALUES ('89', '90', '64', '2', null, '0', '2019-05-24 17:08:18', '1', '2019-05-24 17:08:54', '1');
INSERT INTO `ci_task_detail` VALUES ('90', '91', '64', '2', null, '0', '2019-05-24 17:11:40', '1', '2019-05-24 17:12:14', '1');
INSERT INTO `ci_task_detail` VALUES ('91', '92', '64', '0', null, '0', '2019-05-24 17:27:20', '1', '2019-05-24 17:27:20', '1');
INSERT INTO `ci_task_detail` VALUES ('92', '93', '64', '2', null, '0', '2019-05-24 17:30:53', '1', '2019-05-24 17:31:31', '1');
INSERT INTO `ci_task_detail` VALUES ('93', '94', '64', '2', null, '0', '2019-05-24 17:31:48', '1', '2019-05-24 17:32:25', '1');
INSERT INTO `ci_task_detail` VALUES ('94', '95', '64', '2', null, '0', '2019-05-24 18:17:25', '1', '2019-05-24 18:18:07', '1');
INSERT INTO `ci_task_detail` VALUES ('95', '96', '64', '2', null, '0', '2019-05-24 18:18:20', '1', '2019-05-24 18:18:59', '1');
INSERT INTO `ci_task_detail` VALUES ('96', '97', '64', '2', null, '0', '2019-05-24 18:51:38', '1', '2019-05-24 18:52:29', '1');
INSERT INTO `ci_task_detail` VALUES ('97', '98', '64', '0', null, '0', '2019-05-29 23:43:20', '1', '2019-05-29 23:43:20', '1');
INSERT INTO `ci_task_detail` VALUES ('98', '99', '64', '0', null, '0', '2019-05-29 23:43:42', '1', '2019-05-29 23:43:42', '1');
INSERT INTO `ci_task_detail` VALUES ('99', '100', '64', '0', null, '0', '2019-05-29 23:44:16', '1', '2019-05-29 23:44:16', '1');
INSERT INTO `ci_task_detail` VALUES ('100', '101', '64', '0', null, '0', '2019-05-29 23:46:26', '1', '2019-05-29 23:46:26', '1');
INSERT INTO `ci_task_detail` VALUES ('101', '102', '64', '0', null, '0', '2019-05-29 23:46:45', '1', '2019-05-29 23:46:45', '1');
INSERT INTO `ci_task_detail` VALUES ('102', '103', '64', '0', null, '0', '2019-05-29 23:49:36', '1', '2019-05-29 23:49:36', '1');
INSERT INTO `ci_task_detail` VALUES ('103', '104', '64', '0', null, '0', '2019-05-29 23:52:20', '1', '2019-05-29 23:52:20', '1');
INSERT INTO `ci_task_detail` VALUES ('104', '105', '64', '0', null, '0', '2019-05-30 00:17:38', '1', '2019-05-30 00:17:38', '1');
INSERT INTO `ci_task_detail` VALUES ('105', '106', '64', '0', null, '0', '2019-05-30 00:19:45', '1', '2019-05-30 00:19:45', '1');
INSERT INTO `ci_task_detail` VALUES ('106', '107', '64', '0', null, '0', '2019-05-30 00:23:59', '1', '2019-05-30 00:23:59', '1');
INSERT INTO `ci_task_detail` VALUES ('107', '108', '64', '0', null, '0', '2019-05-30 00:24:31', '1', '2019-05-30 00:24:31', '1');
INSERT INTO `ci_task_detail` VALUES ('108', '109', '64', '2', null, '0', '2019-05-30 00:24:58', '1', '2019-05-30 00:25:45', '1');
INSERT INTO `ci_task_detail` VALUES ('109', '110', '64', '2', null, '0', '2019-05-31 09:05:39', '1', '2019-05-31 09:06:35', '1');

-- ----------------------------
-- Table structure for ci_trigger
-- ----------------------------
DROP TABLE IF EXISTS `ci_trigger`;
CREATE TABLE `ci_trigger` (
  `id` int(11) NOT NULL AUTO_INCREMENT,
  `project_id` int(11) NOT NULL COMMENT 'git项目id',
  `branch_name` varchar(64) COLLATE utf8_bin NOT NULL COMMENT '分支名',
  `enable` int(11) DEFAULT NULL,
  `tar_type` int(11) DEFAULT NULL COMMENT '类型:1tar,2jar,3自定义',
  `command` text COLLATE utf8_bin COMMENT '自定义命令',
  `remark` varchar(100) COLLATE utf8_bin DEFAULT NULL,
  `del_flag` char(1) COLLATE utf8_bin DEFAULT '0',
  `create_date` datetime DEFAULT NULL,
  `create_by` varchar(64) COLLATE utf8_bin DEFAULT NULL,
  `update_date` datetime DEFAULT NULL,
  `update_by` varchar(64) COLLATE utf8_bin DEFAULT NULL,
  PRIMARY KEY (`id`)
) ENGINE=InnoDB AUTO_INCREMENT=5 DEFAULT CHARSET=utf8 COLLATE=utf8_bin COMMENT='自动部署的 钩子 配置, 通过项目名和分支名,得到环境id';

-- ----------------------------
-- Records of ci_trigger
-- ----------------------------
INSERT INTO `ci_trigger` VALUES ('1', '1', 'master', '1', '2', null, null, '0', '2019-05-17 17:25:12', '1', '2019-05-17 17:25:12', '1');
INSERT INTO `ci_trigger` VALUES ('2', '2', 'hwj_test_ci', '1', '1', null, null, '0', '2019-05-20 17:53:09', '1', '2019-05-20 17:53:09', '1');
INSERT INTO `ci_trigger` VALUES ('3', '4', 'master', '1', '1', null, null, '0', '2019-05-22 16:31:49', '1', '2019-05-22 16:31:49', '1');
INSERT INTO `ci_trigger` VALUES ('4', '5', 'master', '1', '1', null, null, '0', '2019-05-22 16:34:16', '1', '2019-05-22 16:34:16', '1');

-- ----------------------------
-- Table structure for ci_trigger_detail
-- ----------------------------
DROP TABLE IF EXISTS `ci_trigger_detail`;
CREATE TABLE `ci_trigger_detail` (
  `id` int(11) NOT NULL AUTO_INCREMENT,
  `trigger_id` int(11) NOT NULL COMMENT '钩子id',
  `instance_id` int(11) NOT NULL COMMENT '实例id',
  `del_flag` char(1) COLLATE utf8_bin DEFAULT '0',
  `create_date` datetime DEFAULT NULL,
  `create_by` varchar(64) COLLATE utf8_bin DEFAULT NULL,
  `update_date` datetime DEFAULT NULL,
  `update_by` varchar(64) COLLATE utf8_bin DEFAULT NULL,
  PRIMARY KEY (`id`)
) ENGINE=InnoDB AUTO_INCREMENT=5 DEFAULT CHARSET=utf8 COLLATE=utf8_bin COMMENT='一个钩子 对应 多个实例';

-- ----------------------------
-- Records of ci_trigger_detail
-- ----------------------------
INSERT INTO `ci_trigger_detail` VALUES ('1', '1', '62', '1', '2019-05-17 17:26:07', '1', '2019-05-17 17:26:07', '1');
INSERT INTO `ci_trigger_detail` VALUES ('2', '2', '63', '0', '2019-05-20 17:53:49', '1', '2019-05-20 17:53:49', null);
INSERT INTO `ci_trigger_detail` VALUES ('3', '3', '64', '0', '2019-05-22 16:41:01', '1', '2019-05-22 16:41:01', '1');
INSERT INTO `ci_trigger_detail` VALUES ('4', '4', '64', '0', '2019-05-22 16:41:01', '1', '2019-05-22 16:41:01', '1');

-- ----------------------------
-- Table structure for sys_department
-- ----------------------------
DROP TABLE IF EXISTS `sys_department`;
CREATE TABLE `sys_department` (
  `id` int(11) NOT NULL AUTO_INCREMENT,
  `name` varchar(32) COLLATE utf8_bin DEFAULT NULL COMMENT '部门名称',
  `duty_user_id` int(11) DEFAULT NULL COMMENT '负责人用户ID',
  `enable` int(1) DEFAULT '1' COMMENT '启用状态（0:禁止/1:启用）',
  `remark` varchar(255) COLLATE utf8_bin DEFAULT NULL COMMENT '备注',
  `update_date` datetime DEFAULT NULL,
  `del_flag` int(1) NOT NULL DEFAULT '0',
  PRIMARY KEY (`id`),
  KEY `duty_user_id` (`duty_user_id`),
  CONSTRAINT `sys_department_ibfk_1` FOREIGN KEY (`duty_user_id`) REFERENCES `sys_user` (`id`)
) ENGINE=InnoDB AUTO_INCREMENT=2 DEFAULT CHARSET=utf8 COLLATE=utf8_bin COMMENT='部门信息表';

-- ----------------------------
-- Records of sys_department
-- ----------------------------
INSERT INTO `sys_department` VALUES ('1', '研发1部', '2', '1', '研发1部', '2018-09-19 09:07:37', '0');

-- ----------------------------
-- Table structure for sys_dict
-- ----------------------------
DROP TABLE IF EXISTS `sys_dict`;
CREATE TABLE `sys_dict` (
  `id` int(11) NOT NULL AUTO_INCREMENT COMMENT '编号',
  `value` varchar(100) COLLATE utf8_bin NOT NULL COMMENT '数据值',
  `label` varchar(100) COLLATE utf8_bin NOT NULL COMMENT '标签名',
  `type` varchar(100) COLLATE utf8_bin NOT NULL COMMENT '类型',
  `description` varchar(100) COLLATE utf8_bin NOT NULL COMMENT '描述',
  `sort` decimal(10,0) NOT NULL COMMENT '排序（升序）',
  `status` int(1) DEFAULT '0' COMMENT '状态',
  `create_by` varchar(64) COLLATE utf8_bin NOT NULL COMMENT '创建者',
  `create_date` datetime NOT NULL COMMENT '创建时间',
  `update_by` varchar(64) COLLATE utf8_bin NOT NULL COMMENT '更新者',
  `update_date` datetime NOT NULL COMMENT '更新时间',
  `remark` varchar(255) COLLATE utf8_bin DEFAULT NULL COMMENT '备注信息',
  `del_flag` int(1) NOT NULL DEFAULT '0' COMMENT '删除标记',
  PRIMARY KEY (`id`),
  KEY `sys_dict_value` (`value`),
  KEY `sys_dict_label` (`label`),
  KEY `sys_dict_del_flag` (`del_flag`)
) ENGINE=InnoDB AUTO_INCREMENT=5 DEFAULT CHARSET=utf8 COLLATE=utf8_bin COMMENT='字典表';

-- ----------------------------
-- Records of sys_dict
-- ----------------------------
INSERT INTO `sys_dict` VALUES ('1', 'application-dev.yml', 'dev_app_ns', 'app_ns_type', '开发环境命名空间（开发环境）', '50', '0', '1', '2019-06-12 08:00:00', '1', '2019-06-12 08:00:00', null, '0');
INSERT INTO `sys_dict` VALUES ('2', 'application-fat.yml', 'fat_app_ns', 'app_ns_type', '功能测试环境命名空间（测试环境）', '50', '0', '1', '2019-06-12 08:00:00', '1', '2019-06-12 08:00:00', null, '0');
INSERT INTO `sys_dict` VALUES ('3', 'application-uat.yml', 'uat_app_ns', 'app_ns_type', '用户验收环境命名空间（预发布环境）', '50', '0', '1', '2019-06-12 08:00:00', '1', '2019-06-12 08:00:00', null, '0');
INSERT INTO `sys_dict` VALUES ('4', 'application-pro.yml', 'pro_app_ns', 'app_ns_type', '生产环境命名空间（生产环境）', '50', '0', '1', '2019-06-12 08:00:00', '1', '2019-06-12 08:00:00', null, '0');

-- ----------------------------
-- Table structure for sys_group
-- ----------------------------
DROP TABLE IF EXISTS `sys_group`;
CREATE TABLE `sys_group` (
  `id` int(11) NOT NULL,
  `name` varchar(255) COLLATE utf8_bin NOT NULL COMMENT '用户分租(customer）名，与displayName灵活应用',
  `display_name` varchar(255) COLLATE utf8_bin DEFAULT NULL COMMENT '用户分租(customer）展示名',
  `type` int(1) DEFAULT '0' COMMENT '用户分组类型（预留）',
  `enable` int(1) NOT NULL DEFAULT '1' COMMENT '用户组启用状态（0:禁用/1:启用）',
  `status` int(1) NOT NULL DEFAULT '0' COMMENT '用户组状态（预留）',
  `create_by` int(11) NOT NULL,
  `create_date` datetime NOT NULL,
  `update_by` int(11) NOT NULL,
  `update_date` datetime NOT NULL,
  `del_flag` int(1) NOT NULL COMMENT '删除状态（0:正常/1:删除）',
  PRIMARY KEY (`id`)
) ENGINE=InnoDB DEFAULT CHARSET=utf8 COLLATE=utf8_bin COMMENT='通用系统用户组表';

-- ----------------------------
-- Records of sys_group
-- ----------------------------

-- ----------------------------
-- Table structure for sys_group_menu
-- ----------------------------
DROP TABLE IF EXISTS `sys_group_menu`;
CREATE TABLE `sys_group_menu` (
  `id` int(11) NOT NULL,
  `group_id` int(11) DEFAULT NULL,
  `menu_id` int(11) DEFAULT NULL,
  `create_by` int(11) DEFAULT NULL,
  `create_date` datetime DEFAULT NULL,
  PRIMARY KEY (`id`)
) ENGINE=InnoDB DEFAULT CHARSET=utf8 COLLATE=utf8_bin COMMENT='通用系统group-menu中间表';

-- ----------------------------
-- Records of sys_group_menu
-- ----------------------------

-- ----------------------------
-- Table structure for sys_group_role
-- ----------------------------
DROP TABLE IF EXISTS `sys_group_role`;
CREATE TABLE `sys_group_role` (
  `id` int(11) NOT NULL,
  `group_id` int(11) DEFAULT NULL,
  `role_id` int(11) DEFAULT NULL,
  `create_by` int(11) DEFAULT NULL,
  `create_date` datetime DEFAULT NULL,
  PRIMARY KEY (`id`)
) ENGINE=InnoDB DEFAULT CHARSET=utf8 COLLATE=utf8_bin COMMENT='通用系统group-role中间表';

-- ----------------------------
-- Records of sys_group_role
-- ----------------------------

-- ----------------------------
-- Table structure for sys_group_user
-- ----------------------------
DROP TABLE IF EXISTS `sys_group_user`;
CREATE TABLE `sys_group_user` (
  `id` int(11) NOT NULL,
  `group_id` int(11) DEFAULT NULL,
  `user_id` int(11) DEFAULT NULL,
  `create_by` int(11) DEFAULT NULL,
  `create_date` datetime DEFAULT NULL,
  PRIMARY KEY (`id`)
) ENGINE=InnoDB DEFAULT CHARSET=utf8 COLLATE=utf8_bin COMMENT='通用系统group-user中间表';

-- ----------------------------
-- Records of sys_group_user
-- ----------------------------

-- ----------------------------
-- Table structure for sys_menu
-- ----------------------------
DROP TABLE IF EXISTS `sys_menu`;
CREATE TABLE `sys_menu` (
  `id` int(11) NOT NULL,
  `name` varchar(255) COLLATE utf8_bin NOT NULL COMMENT '用户角色名，与displayName灵活应用',
  `display_name` varchar(255) COLLATE utf8_bin DEFAULT NULL COMMENT '用户角色展示名',
  `type` int(1) DEFAULT NULL COMMENT '菜单类型（预留）',
  `enable` int(1) NOT NULL DEFAULT '1' COMMENT '用户角色启用状态（0:禁用/1:启用）',
  `status` int(1) NOT NULL DEFAULT '0' COMMENT '用户角色状态（预留）',
  `parent_id` int(11) NOT NULL COMMENT '父级菜单ID',
  `parent_ids` varchar(500) COLLATE utf8_bin NOT NULL COMMENT '树形父级菜单ID列表（如：1,11,22）',
  `permission` varchar(500) COLLATE utf8_bin NOT NULL COMMENT '权限标识（如：sys:user:edit,sys:user:view），用于如shiro-aop方法及权限校验',
  `access_uri` varchar(500) COLLATE utf8_bin NOT NULL COMMENT '访问控制URI后缀（如：/sys/user/list）',
  `icon` varchar(255) COLLATE utf8_bin DEFAULT NULL COMMENT '图标',
  `create_by` int(11) NOT NULL,
  `create_date` datetime NOT NULL,
  `update_by` int(11) NOT NULL,
  `update_date` datetime NOT NULL,
  `del_flag` int(1) NOT NULL COMMENT '删除状态（0:正常/1:删除）',
  PRIMARY KEY (`id`)
) ENGINE=InnoDB DEFAULT CHARSET=utf8 COLLATE=utf8_bin COMMENT='通用系统菜单（权限）表';

-- ----------------------------
-- Records of sys_menu
-- ----------------------------

-- ----------------------------
-- Table structure for sys_role
-- ----------------------------
DROP TABLE IF EXISTS `sys_role`;
CREATE TABLE `sys_role` (
  `id` int(11) NOT NULL,
  `name` varchar(255) COLLATE utf8_bin NOT NULL COMMENT '用户角色名，与displayName灵活应用',
  `display_name` varchar(255) COLLATE utf8_bin DEFAULT NULL COMMENT '用户角色展示名',
  `type` int(1) DEFAULT NULL COMMENT '用户角色类型（预留）',
  `enable` int(1) NOT NULL DEFAULT '1' COMMENT '用户角色启用状态（0:禁用/1:启用）',
  `status` int(1) NOT NULL DEFAULT '0' COMMENT '用户角色状态（预留）',
  `create_by` int(11) NOT NULL,
  `create_date` datetime NOT NULL,
  `update_by` int(11) NOT NULL,
  `update_date` datetime NOT NULL,
  `del_flag` int(1) NOT NULL COMMENT '删除状态（0:正常/1:删除）',
  PRIMARY KEY (`id`)
) ENGINE=InnoDB DEFAULT CHARSET=utf8 COLLATE=utf8_bin COMMENT='通用系统角色表';

-- ----------------------------
-- Records of sys_role
-- ----------------------------

-- ----------------------------
-- Table structure for sys_role_user
-- ----------------------------
DROP TABLE IF EXISTS `sys_role_user`;
CREATE TABLE `sys_role_user` (
  `id` int(11) NOT NULL,
  `user_id` int(11) DEFAULT NULL,
  `role_id` int(11) DEFAULT NULL,
  `create_by` int(11) DEFAULT NULL,
  `create_date` datetime DEFAULT NULL,
  PRIMARY KEY (`id`)
) ENGINE=InnoDB DEFAULT CHARSET=utf8 COLLATE=utf8_bin COMMENT='通用系统user-role中间表';

-- ----------------------------
-- Records of sys_role_user
-- ----------------------------

-- ----------------------------
-- Table structure for sys_user
-- ----------------------------
DROP TABLE IF EXISTS `sys_user`;
CREATE TABLE `sys_user` (
  `id` int(11) NOT NULL AUTO_INCREMENT,
  `depart_id` int(11) NOT NULL COMMENT '部门ID',
  `user_name` varchar(32) COLLATE utf8_bin NOT NULL,
  `display_name` varchar(32) COLLATE utf8_bin DEFAULT NULL COMMENT '部门名称',
  `password` varchar(255) COLLATE utf8_bin DEFAULT NULL COMMENT '密文密码',
  `user_type` int(1) NOT NULL DEFAULT '2' COMMENT '用户类型（如：1:管理员/2:运维者）',
  `enable` int(1) NOT NULL DEFAULT '1' COMMENT '启用状态（0:禁止/1:启用）',
  `status` int(1) DEFAULT NULL COMMENT '用户状态（预留）',
  `email` varchar(255) COLLATE utf8_bin DEFAULT NULL,
  `phone` varchar(20) COLLATE utf8_bin DEFAULT NULL,
  `wechat_open_id` varchar(500) COLLATE utf8_bin DEFAULT NULL,
  `wechat_union_id` varchar(500) COLLATE utf8_bin DEFAULT NULL,
  `facebook_id` varchar(500) COLLATE utf8_bin DEFAULT NULL,
  `google_id` varchar(500) COLLATE utf8_bin DEFAULT NULL,
  `twitter_id` varchar(500) COLLATE utf8_bin DEFAULT NULL,
  `linkedin_id` varchar(500) COLLATE utf8_bin DEFAULT NULL,
  `alipay_id` varchar(500) COLLATE utf8_bin DEFAULT NULL,
  `github_id` varchar(500) COLLATE utf8_bin DEFAULT NULL,
  `aws_id` varchar(500) COLLATE utf8_bin DEFAULT NULL,
  `remark` varchar(500) COLLATE utf8_bin DEFAULT NULL COMMENT '备注',
  `create_by` int(11) DEFAULT NULL,
  `create_date` datetime DEFAULT NULL,
  `update_by` int(11) DEFAULT NULL,
  `update_date` datetime DEFAULT NULL,
  `del_flag` int(1) NOT NULL DEFAULT '0',
  PRIMARY KEY (`id`),
  KEY `depart_id` (`depart_id`),
  CONSTRAINT `sys_user_ibfk_1` FOREIGN KEY (`depart_id`) REFERENCES `sys_department` (`id`)
) ENGINE=InnoDB AUTO_INCREMENT=4 DEFAULT CHARSET=utf8 COLLATE=utf8_bin COMMENT='通用系统用户表';

-- ----------------------------
-- Records of sys_user
-- ----------------------------
INSERT INTO `sys_user` VALUES ('1', '1', 'admin', '超级管理员', null, '1', '1', null, '983708408@qq.com', '18127968606', null, null, null, null, null, null, null, null, null, '超级管理员账号', null, null, null, '2018-09-19 09:07:37', '0');
INSERT INTO `sys_user` VALUES ('2', '1', 'sutao', 'Su Tao', null, '1', '1', null, '171429233@qq.com', '15999972409', null, null, null, null, null, null, null, null, null, '操作账号Su Tao', null, null, null, '2018-09-20 09:49:34', '0');
INSERT INTO `sys_user` VALUES ('3', '1', 'zhangzh', 'Zhang zhi hang', null, '1', '1', null, '1196930166@qq.com', '17762759397', null, null, null, null, null, null, null, null, null, '操作账号Zhang zhi hang', null, null, null, '2018-09-20 09:49:34', '0');

-- ----------------------------
-- Table structure for umc_alarm_config
-- ----------------------------
DROP TABLE IF EXISTS `umc_alarm_config`;
CREATE TABLE `umc_alarm_config` (
  `id` int(11) NOT NULL,
  `name` varchar(64) DEFAULT NULL COMMENT '名称',
  `template_id` int(11) DEFAULT NULL COMMENT '模版id',
  `tags` varchar(255) DEFAULT NULL COMMENT '改成存实例id,逗号分隔',
  `alarm_type` varchar(12) DEFAULT NULL COMMENT '提醒方式:email邮箱,sms短信,wechat微信等',
  `alarm_member` varchar(255) DEFAULT NULL COMMENT '提醒对象:张三,李四',
  `alarm_content` varchar(255) DEFAULT NULL COMMENT '告警内容',
  `enable` int(11) DEFAULT NULL,
  `remark` varchar(100) CHARACTER SET utf8 COLLATE utf8_bin DEFAULT NULL,
  `del_flag` char(1) CHARACTER SET utf8 COLLATE utf8_bin DEFAULT '0',
  `create_date` datetime DEFAULT NULL,
  `create_by` varchar(64) CHARACTER SET utf8 COLLATE utf8_bin DEFAULT NULL,
  `update_date` datetime DEFAULT NULL,
  `update_by` varchar(64) CHARACTER SET utf8 COLLATE utf8_bin DEFAULT NULL,
  PRIMARY KEY (`id`)
) ENGINE=InnoDB DEFAULT CHARSET=utf8 COMMENT='umc告警配置表';

-- ----------------------------
-- Records of umc_alarm_config
-- ----------------------------
INSERT INTO `umc_alarm_config` VALUES ('1', 'test', '1', '1', '1', '1', '1', '1', '1', '0', null, null, null, null);

-- ----------------------------
-- Table structure for umc_alarm_record
-- ----------------------------
DROP TABLE IF EXISTS `umc_alarm_record`;
CREATE TABLE `umc_alarm_record` (
  `id` int(11) NOT NULL,
  `name` varchar(32) DEFAULT NULL COMMENT '告警名称',
  `tags` varchar(255) DEFAULT NULL COMMENT '对应umc_alarm_config的tags,保存了公用的tags,例如实例instant',
  `gather_time` datetime DEFAULT NULL COMMENT '采集时间',
  `alarm_time` datetime DEFAULT NULL COMMENT '告警时间',
  `alarm_info` varchar(255) DEFAULT NULL COMMENT '告警信息',
  `alarm_type` varchar(32) DEFAULT NULL COMMENT '通知类型:对应umc_alarm_config的alarm_type',
  `alarm_member` varchar(255) DEFAULT NULL COMMENT '通知对象:对应umc_alarm_config的alarm_member',
  PRIMARY KEY (`id`)
) ENGINE=InnoDB DEFAULT CHARSET=utf8 COMMENT='umc告警记录表';

-- ----------------------------
-- Records of umc_alarm_record
-- ----------------------------

-- ----------------------------
-- Table structure for umc_alarm_rule
-- ----------------------------
DROP TABLE IF EXISTS `umc_alarm_rule`;
CREATE TABLE `umc_alarm_rule` (
  `id` int(11) NOT NULL,
  `template_id` int(11) DEFAULT NULL COMMENT '模版id',
  `aggregator` varchar(32) DEFAULT NULL COMMENT '聚合函数:avg,sum,min,max,lastest',
  `operator` int(32) DEFAULT NULL COMMENT '运算符:>=,<=,==',
  `value` double DEFAULT NULL COMMENT '值',
  `trigger_type` int(11) DEFAULT NULL COMMENT '触发类型,1连续?秒,2一旦出现',
  `continuity_time` bigint(20) DEFAULT NULL COMMENT '触发类型为1时,连续的时间,单位秒',
  PRIMARY KEY (`id`)
) ENGINE=InnoDB DEFAULT CHARSET=utf8 COMMENT='umc告警规则表';

-- ----------------------------
-- Records of umc_alarm_rule
-- ----------------------------
INSERT INTO `umc_alarm_rule` VALUES ('1', '1', '1', '1', '1', '1', '1');
INSERT INTO `umc_alarm_rule` VALUES ('2', '1', '2', '2', '2', '2', '2');

-- ----------------------------
-- Table structure for umc_alarm_template
-- ----------------------------
DROP TABLE IF EXISTS `umc_alarm_template`;
CREATE TABLE `umc_alarm_template` (
  `id` int(11) NOT NULL,
  `metric` varchar(128) DEFAULT NULL,
  `template_classify` int(11) DEFAULT NULL COMMENT '模版类型,取字典',
  `tags` varchar(255) DEFAULT NULL COMMENT 'tags,用来过滤服务器实例等:(instant=10.0.0.160,topic=abc),或者用json',
  `enable` int(11) DEFAULT NULL,
  `remark` varchar(100) CHARACTER SET utf8 COLLATE utf8_bin DEFAULT NULL,
  `del_flag` char(1) CHARACTER SET utf8 COLLATE utf8_bin DEFAULT '0',
  `create_date` datetime DEFAULT NULL,
  `create_by` varchar(64) CHARACTER SET utf8 COLLATE utf8_bin DEFAULT NULL,
  `update_date` datetime DEFAULT NULL,
  `update_by` varchar(64) CHARACTER SET utf8 COLLATE utf8_bin DEFAULT NULL,
  PRIMARY KEY (`id`)
) ENGINE=InnoDB DEFAULT CHARSET=utf8 COMMENT='umc告警模版表';

-- ----------------------------
-- Records of umc_alarm_template
-- ----------------------------
INSERT INTO `umc_alarm_template` VALUES ('1', 'adsf', '1', '1', '1', '1', '0', null, null, null, null);
